"scope","ordinal","version","file","valid_timestamp","duplicate_count","ledger_status","replay_status","classification","evidence"
"arquivo_local","1","001","001_core_tables.sql","false","1","missing","replay_ok","parcial","replay_ok_mas_ausente_do_ledger_e_schema_final_divergente"
"arquivo_local","2","002","002_colaboradores.sql","false","1","missing","replay_ok","parcial","replay_ok_mas_ausente_do_ledger_e_schema_final_divergente"
"arquivo_local","3","003","003_folha_ferias_ponto.sql","false","1","missing","replay_ok","parcial","replay_ok_mas_ausente_do_ledger_e_schema_final_divergente"
"arquivo_local","4","004","004_beneficios_afastamentos.sql","false","1","missing","replay_ok","parcial","replay_ok_mas_ausente_do_ledger_e_schema_final_divergente"
"arquivo_local","5","005","005_esocial_auditoria.sql","false","1","missing","replay_ok","parcial","replay_ok_mas_ausente_do_ledger_e_schema_final_divergente"
"arquivo_local","6","006","006_rls_policies.sql","false","1","missing","replay_ok","parcial","replay_ok_mas_ausente_do_ledger_e_schema_final_divergente"
"arquivo_local","7","007","007_fixup_missing_columns.sql","false","1","missing","replay_ok","parcial","replay_ok_mas_ausente_do_ledger_e_schema_final_divergente"
"arquivo_local","8","20240101000000","20240101000000_crud_improvements.sql","true","1","missing","replay_ok","parcial","replay_ok_mas_ausente_do_ledger_e_schema_final_divergente"
"arquivo_local","9","20241231000000","20241231000000_saved_filters.sql","true","1","missing","replay_ok","parcial","replay_ok_mas_ausente_do_ledger_e_schema_final_divergente"
"arquivo_local","10","20241231000001","20241231000001_entity_versions.sql","true","1","missing","replay_ok","parcial","replay_ok_mas_ausente_do_ledger_e_schema_final_divergente"
"arquivo_local","11","20250102000000","20250102000000_dp_production.sql","true","1","missing","replay_ok","parcial","replay_ok_mas_ausente_do_ledger_e_schema_final_divergente"
"arquivo_local","12","20251216163151","20251216163151_1ee162ed-592a-4876-9937-e7ef9eeb40ab.sql","true","1","missing","replay_ok","parcial","replay_ok_mas_ausente_do_ledger_e_schema_final_divergente"
"arquivo_local","13","20251216164756","20251216164756_5e9236cb-9e7a-4cfc-b4af-28fd14b33aab.sql","true","1","missing","replay_ok","parcial","replay_ok_mas_ausente_do_ledger_e_schema_final_divergente"
"arquivo_local","14","20251216164757","20251216164757_fixup_colaboradores_esocial_cols.sql","true","1","missing","replay_ok","parcial","replay_ok_mas_ausente_do_ledger_e_schema_final_divergente"
"arquivo_local","15","20251216164758","20251216164758_fixup_colaboradores_extra_cols.sql","true","1","missing","replay_ok","parcial","replay_ok_mas_ausente_do_ledger_e_schema_final_divergente"
"arquivo_local","16","20251216165741","20251216165741_dedf6534-1b03-46eb-83f9-c17869c12ab6.sql","true","1","missing","replay_ok","parcial","replay_ok_mas_ausente_do_ledger_e_schema_final_divergente"
"arquivo_local","17","20251216170303","20251216170303_ade849cc-a455-493d-8d48-dae7d9f7e5d0.sql","true","1","missing","replay_ok","parcial","replay_ok_mas_ausente_do_ledger_e_schema_final_divergente"
"arquivo_local","18","20251216170845","20251216170845_18c2435e-fbb6-401a-971a-f97691721229.sql","true","1","missing","replay_ok","parcial","replay_ok_mas_ausente_do_ledger_e_schema_final_divergente"
"arquivo_local","19","20251216171524","20251216171524_dd34c46d-8a2b-48b3-ad7e-84a858cf4532.sql","true","1","missing","replay_ok","parcial","replay_ok_mas_ausente_do_ledger_e_schema_final_divergente"
"arquivo_local","20","20251216174532","20251216174532_38e4cf29-773d-45ec-b021-2e5693734797.sql","true","1","missing","replay_ok","parcial","replay_ok_mas_ausente_do_ledger_e_schema_final_divergente"
"arquivo_local","21","20251216174736","20251216174736_d4e02fb7-340d-4111-b73b-03788b004098.sql","true","1","missing","replay_ok","parcial","replay_ok_mas_ausente_do_ledger_e_schema_final_divergente"
"arquivo_local","22","20251216185708","20251216185708_a4a94e99-8f20-4d56-96a1-ce4bc3608e95.sql","true","1","missing","replay_ok","parcial","replay_ok_mas_ausente_do_ledger_e_schema_final_divergente"
"arquivo_local","23","20251216190410","20251216190410_ed7bd324-10ff-4b37-9fd4-8fca261f3420.sql","true","1","missing","replay_ok","parcial","replay_ok_mas_ausente_do_ledger_e_schema_final_divergente"
"arquivo_local","24","20251220131149","20251220131149_27c48bf7-fcd1-4c91-8dc0-3bb403676255.sql","true","1","missing","replay_ok","parcial","replay_ok_mas_ausente_do_ledger_e_schema_final_divergente"
"arquivo_local","25","20251220131540","20251220131540_0713df91-caee-4948-87f6-6666132af9a7.sql","true","1","missing","replay_ok","parcial","replay_ok_mas_ausente_do_ledger_e_schema_final_divergente"
"arquivo_local","26","20251220131541","20251220131541_fixup_notificacoes_user_id.sql","true","1","missing","replay_ok","parcial","replay_ok_mas_ausente_do_ledger_e_schema_final_divergente"
"arquivo_local","27","20251220132737","20251220132737_c967489d-2302-4f40-b8a0-a872d88aab60.sql","true","1","missing","replay_ok","parcial","replay_ok_mas_ausente_do_ledger_e_schema_final_divergente"
"arquivo_local","28","20251220133039","20251220133039_47523292-e66b-4fa8-bd73-c34e09b08691.sql","true","1","missing","replay_ok","parcial","replay_ok_mas_ausente_do_ledger_e_schema_final_divergente"
"arquivo_local","29","20251220135248","20251220135248_07ac8a88-5e83-476f-900f-e6ea9bc68ff2.sql","true","1","missing","replay_ok","parcial","replay_ok_mas_ausente_do_ledger_e_schema_final_divergente"
"arquivo_local","30","20251220135614","20251220135614_b391397c-d9fc-4e94-a157-0af1e99284a9.sql","true","1","missing","replay_ok","parcial","replay_ok_mas_ausente_do_ledger_e_schema_final_divergente"
"arquivo_local","31","20251220140409","20251220140409_c447a74a-cabb-4b49-adf8-c26dd6c204fc.sql","true","1","missing","replay_ok","parcial","replay_ok_mas_ausente_do_ledger_e_schema_final_divergente"
"arquivo_local","32","20251220142910","20251220142910_d555d554-0c37-495a-bb28-8ff042aa592b.sql","true","1","missing","replay_ok","parcial","replay_ok_mas_ausente_do_ledger_e_schema_final_divergente"
"arquivo_local","33","20251220144559","20251220144559_ea21fcb0-ad15-44f1-8cea-24025d484199.sql","true","1","missing","replay_ok","parcial","replay_ok_mas_ausente_do_ledger_e_schema_final_divergente"
"arquivo_local","34","20251220145056","20251220145056_d8485765-58d8-464d-ab9c-25e44c7115c2.sql","true","1","missing","replay_ok","parcial","replay_ok_mas_ausente_do_ledger_e_schema_final_divergente"
"arquivo_local","35","20251220151012","20251220151012_8b801cd7-7ca6-4978-807f-9d741b8ca4ea.sql","true","1","missing","replay_ok","parcial","replay_ok_mas_ausente_do_ledger_e_schema_final_divergente"
"arquivo_local","36","20251220180636","20251220180636_ce3c033a-f790-4baa-8678-2aa1ed1fc175.sql","true","1","missing","replay_ok","parcial","replay_ok_mas_ausente_do_ledger_e_schema_final_divergente"
"arquivo_local","37","20251221214653","20251221214653_11071631-813d-4532-80a1-156ef4dfa4c0.sql","true","1","missing","replay_ok","parcial","replay_ok_mas_ausente_do_ledger_e_schema_final_divergente"
"arquivo_local","38","20251228000000","20251228000000_fixup_empresa_id_timestamp_tables.sql","true","1","missing","replay_ok","parcial","replay_ok_mas_ausente_do_ledger_e_schema_final_divergente"
"arquivo_local","39","20251228000001","20251228000001_fixup_holerites_missing_cols.sql","true","1","missing","replay_ok","parcial","replay_ok_mas_ausente_do_ledger_e_schema_final_divergente"
"arquivo_local","40","2025122813133501","2025122813133501_create_dependentes.sql","false","1","missing","replay_ok","parcial","replay_ok_mas_ausente_do_ledger_e_schema_final_divergente"
"arquivo_local","41","2025122813133602","2025122813133602_create_jornadas.sql","false","1","missing","replay_ok","parcial","replay_ok_mas_ausente_do_ledger_e_schema_final_divergente"
"arquivo_local","42","2025122813133603","2025122813133603_create_escalas.sql","false","1","missing","replay_ok","parcial","replay_ok_mas_ausente_do_ledger_e_schema_final_divergente"
"arquivo_local","43","2025122813133704","2025122813133704_create_turnos.sql","false","1","missing","replay_ok","parcial","replay_ok_mas_ausente_do_ledger_e_schema_final_divergente"
"arquivo_local","44","2025122813133705","2025122813133705_create_faltas.sql","false","1","missing","replay_ok","parcial","replay_ok_mas_ausente_do_ledger_e_schema_final_divergente"
"arquivo_local","45","2025122813133806","2025122813133806_create_atrasos.sql","false","1","missing","replay_ok","parcial","replay_ok_mas_ausente_do_ledger_e_schema_final_divergente"
"arquivo_local","46","2025122813133907","2025122813133907_create_adicionais.sql","false","1","missing","replay_ok","parcial","replay_ok_mas_ausente_do_ledger_e_schema_final_divergente"
"arquivo_local","47","2025122813133908","2025122813133908_create_gratificacoes.sql","false","1","missing","replay_ok","parcial","replay_ok_mas_ausente_do_ledger_e_schema_final_divergente"
"arquivo_local","48","2025122813134009","2025122813134009_create_comissoes.sql","false","1","missing","replay_ok","parcial","replay_ok_mas_ausente_do_ledger_e_schema_final_divergente"
"arquivo_local","49","2025122813134010","2025122813134010_create_pensoes.sql","false","1","missing","replay_ok","parcial","replay_ok_mas_ausente_do_ledger_e_schema_final_divergente"
"arquivo_local","50","2025122813134111","2025122813134111_create_emprestimos_consignados.sql","false","1","missing","replay_ok","parcial","replay_ok_mas_ausente_do_ledger_e_schema_final_divergente"
"arquivo_local","51","2025122813134212","2025122813134212_create_holerites.sql","false","1","missing","replay_ok","parcial","replay_ok_mas_ausente_do_ledger_e_schema_final_divergente"
"arquivo_local","52","2025122813134213","2025122813134213_create_recibos_ferias.sql","false","1","missing","replay_ok","parcial","replay_ok_mas_ausente_do_ledger_e_schema_final_divergente"
"arquivo_local","53","2025122813135714","2025122813135714_create_recibos_rescisao.sql","false","1","missing","replay_ok","parcial","replay_ok_mas_ausente_do_ledger_e_schema_final_divergente"
"arquivo_local","54","2025122813135715","2025122813135715_create_guias_inss.sql","false","1","missing","replay_ok","parcial","replay_ok_mas_ausente_do_ledger_e_schema_final_divergente"
"arquivo_local","55","2025122813135816","2025122813135816_create_guias_fgts.sql","false","1","missing","replay_ok","parcial","replay_ok_mas_ausente_do_ledger_e_schema_final_divergente"
"arquivo_local","56","2025122813135817","2025122813135817_create_darfs.sql","false","1","missing","replay_ok","parcial","replay_ok_mas_ausente_do_ledger_e_schema_final_divergente"
"arquivo_local","57","2025122813135918","2025122813135918_create_grrf.sql","false","1","missing","replay_ok","parcial","replay_ok_mas_ausente_do_ledger_e_schema_final_divergente"
"arquivo_local","58","2025122813140019","2025122813140019_create_trct.sql","false","1","missing","replay_ok","parcial","replay_ok_mas_ausente_do_ledger_e_schema_final_divergente"
"arquivo_local","59","2025122813140020","2025122813140020_create_homologacoes.sql","false","1","missing","replay_ok","parcial","replay_ok_mas_ausente_do_ledger_e_schema_final_divergente"
"arquivo_local","60","2025122813140121","2025122813140121_create_exames_medicos.sql","false","1","missing","replay_ok","parcial","replay_ok_mas_ausente_do_ledger_e_schema_final_divergente"
"arquivo_local","61","2025122813140122","2025122813140122_create_asos.sql","false","1","missing","replay_ok","parcial","replay_ok_mas_ausente_do_ledger_e_schema_final_divergente"
"arquivo_local","62","2025122813140223","2025122813140223_create_epis.sql","false","1","missing","replay_ok","parcial","replay_ok_mas_ausente_do_ledger_e_schema_final_divergente"
"arquivo_local","63","2025122813140224","2025122813140224_create_cas.sql","false","1","missing","replay_ok","parcial","replay_ok_mas_ausente_do_ledger_e_schema_final_divergente"
"arquivo_local","64","2025122813140325","2025122813140325_create_treinamentos.sql","false","1","missing","replay_ok","parcial","replay_ok_mas_ausente_do_ledger_e_schema_final_divergente"
"arquivo_local","65","2025122813140426","2025122813140426_create_avaliacoes.sql","false","1","missing","replay_ok","parcial","replay_ok_mas_ausente_do_ledger_e_schema_final_divergente"
"arquivo_local","66","20251228131616","20251228131616_create_dependentes.sql","true","1","missing","replay_ok","parcial","replay_ok_mas_ausente_do_ledger_e_schema_final_divergente"
"arquivo_local","67","20251228131617","20251228131617_create_jornadas.sql","true","1","missing","replay_ok","parcial","replay_ok_mas_ausente_do_ledger_e_schema_final_divergente"
"arquivo_local","68","20251228131618","20251228131618_create_escalas.sql","true","1","missing","replay_ok","parcial","replay_ok_mas_ausente_do_ledger_e_schema_final_divergente"
"arquivo_local","69","20251228131619","20251228131619_create_turnos.sql","true","1","missing","replay_ok","parcial","replay_ok_mas_ausente_do_ledger_e_schema_final_divergente"
"arquivo_local","70","20251228131620","20251228131620_create_faltas.sql","true","1","missing","replay_ok","parcial","replay_ok_mas_ausente_do_ledger_e_schema_final_divergente"
"arquivo_local","71","20251228131621","20251228131621_create_atrasos.sql","true","1","missing","replay_ok","parcial","replay_ok_mas_ausente_do_ledger_e_schema_final_divergente"
"arquivo_local","72","20251228131622","20251228131622_create_adicionais.sql","true","1","missing","replay_ok","parcial","replay_ok_mas_ausente_do_ledger_e_schema_final_divergente"
"arquivo_local","73","20251228131623","20251228131623_create_gratificacoes.sql","true","1","missing","replay_ok","parcial","replay_ok_mas_ausente_do_ledger_e_schema_final_divergente"
"arquivo_local","74","20251228131624","20251228131624_create_comissoes.sql","true","1","missing","replay_ok","parcial","replay_ok_mas_ausente_do_ledger_e_schema_final_divergente"
"arquivo_local","75","20251228131625","20251228131625_create_pensoes.sql","true","1","missing","replay_ok","parcial","replay_ok_mas_ausente_do_ledger_e_schema_final_divergente"
"arquivo_local","76","20251228131626","20251228131626_create_emprestimos_consignados.sql","true","1","missing","replay_ok","parcial","replay_ok_mas_ausente_do_ledger_e_schema_final_divergente"
"arquivo_local","77","20251228131627","20251228131627_create_holerites.sql","true","1","missing","replay_ok","parcial","replay_ok_mas_ausente_do_ledger_e_schema_final_divergente"
"arquivo_local","78","20251228131628","20251228131628_create_recibos_ferias.sql","true","1","missing","replay_ok","parcial","replay_ok_mas_ausente_do_ledger_e_schema_final_divergente"
"arquivo_local","79","20251228131660","20251228131660_create_recibos_rescisao.sql","false","1","missing","replay_ok","parcial","replay_ok_mas_ausente_do_ledger_e_schema_final_divergente"
"arquivo_local","80","20251228131661","20251228131661_create_guias_inss.sql","false","1","missing","replay_ok","parcial","replay_ok_mas_ausente_do_ledger_e_schema_final_divergente"
"arquivo_local","81","20251228131662","20251228131662_create_guias_fgts.sql","false","1","missing","replay_ok","parcial","replay_ok_mas_ausente_do_ledger_e_schema_final_divergente"
"arquivo_local","82","20251228131663","20251228131663_create_darfs.sql","false","1","missing","replay_ok","parcial","replay_ok_mas_ausente_do_ledger_e_schema_final_divergente"
"arquivo_local","83","20251228131667","20251228131667_create_exames_medicos.sql","false","1","missing","replay_ok","parcial","replay_ok_mas_ausente_do_ledger_e_schema_final_divergente"
"arquivo_local","84","20251228131668","20251228131668_create_asos.sql","false","1","missing","replay_ok","parcial","replay_ok_mas_ausente_do_ledger_e_schema_final_divergente"
"arquivo_local","85","20251228131669","20251228131669_create_epis.sql","false","1","missing","replay_ok","parcial","replay_ok_mas_ausente_do_ledger_e_schema_final_divergente"
"arquivo_local","86","20251228131670","20251228131670_create_cas.sql","false","1","missing","replay_ok","parcial","replay_ok_mas_ausente_do_ledger_e_schema_final_divergente"
"arquivo_local","87","20251228131671","20251228131671_create_treinamentos.sql","false","1","missing","replay_ok","parcial","replay_ok_mas_ausente_do_ledger_e_schema_final_divergente"
"arquivo_local","88","20251228131672","20251228131672_create_avaliacoes.sql","false","1","missing","replay_ok","parcial","replay_ok_mas_ausente_do_ledger_e_schema_final_divergente"
"arquivo_local","89","20251228192542843","20251228192542843_colaboradores_historico.sql","false","1","missing","replay_ok","parcial","replay_ok_mas_ausente_do_ledger_e_schema_final_divergente"
"arquivo_local","90","20251228192543844","20251228192543844_folha_competencias.sql","false","1","missing","replay_ok","parcial","replay_ok_mas_ausente_do_ledger_e_schema_final_divergente"
"arquivo_local","91","20251228192543845","20251228192543845_folha_rubricas.sql","false","1","missing","replay_ok","parcial","replay_ok_mas_ausente_do_ledger_e_schema_final_divergente"
"arquivo_local","92","20251228192544846","20251228192544846_folha_calculos.sql","false","1","missing","replay_ok","parcial","replay_ok_mas_ausente_do_ledger_e_schema_final_divergente"
"arquivo_local","93","20251228192545847","20251228192545847_ponto_banco_horas.sql","false","1","missing","replay_ok","parcial","replay_ok_mas_ausente_do_ledger_e_schema_final_divergente"
"arquivo_local","94","20251228192545848","20251228192545848_ponto_escalas.sql","false","1","missing","replay_ok","parcial","replay_ok_mas_ausente_do_ledger_e_schema_final_divergente"
"arquivo_local","95","20251228192546849","20251228192546849_ponto_compensacoes.sql","false","1","missing","replay_ok","parcial","replay_ok_mas_ausente_do_ledger_e_schema_final_divergente"
"arquivo_local","96","20251228192546850","20251228192546850_ferias_programacao.sql","false","1","missing","replay_ok","parcial","replay_ok_mas_ausente_do_ledger_e_schema_final_divergente"
"arquivo_local","97","20251228192547851","20251228192547851_ferias_abono.sql","false","1","missing","replay_ok","parcial","replay_ok_mas_ausente_do_ledger_e_schema_final_divergente"
"arquivo_local","98","20251228192548852","20251228192548852_rescisao_simulacoes.sql","false","1","missing","replay_ok","parcial","replay_ok_mas_ausente_do_ledger_e_schema_final_divergente"
"arquivo_local","99","20251228192548853","20251228192548853_rescisao_homologacoes.sql","false","1","missing","replay_ok","parcial","replay_ok_mas_ausente_do_ledger_e_schema_final_divergente"
"arquivo_local","100","20251228192549854","20251228192549854_beneficios_elegibilidade.sql","false","1","missing","replay_ok","parcial","replay_ok_mas_ausente_do_ledger_e_schema_final_divergente"
"arquivo_local","101","20251228192549855","20251228192549855_beneficios_movimentacoes.sql","false","1","missing","replay_ok","parcial","replay_ok_mas_ausente_do_ledger_e_schema_final_divergente"
"arquivo_local","102","20251228192550856","20251228192550856_esocial_lotes.sql","false","1","missing","replay_ok","parcial","replay_ok_mas_ausente_do_ledger_e_schema_final_divergente"
"arquivo_local","103","20251228192550857","20251228192550857_esocial_retornos.sql","false","1","missing","replay_ok","parcial","replay_ok_mas_ausente_do_ledger_e_schema_final_divergente"
"arquivo_local","104","20251228192551858","20251228192551858_documentos_assinaturas.sql","false","1","missing","replay_ok","parcial","replay_ok_mas_ausente_do_ledger_e_schema_final_divergente"
"arquivo_local","105","20251228192551859","20251228192551859_documentos_versoes.sql","false","1","missing","replay_ok","parcial","replay_ok_mas_ausente_do_ledger_e_schema_final_divergente"
"arquivo_local","106","20251228192552860","20251228192552860_treinamentos_certificados.sql","false","1","missing","replay_ok","parcial","replay_ok_mas_ausente_do_ledger_e_schema_final_divergente"
"arquivo_local","107","20251228192552861","20251228192552861_treinamentos_avaliacoes.sql","false","1","missing","replay_ok","parcial","replay_ok_mas_ausente_do_ledger_e_schema_final_divergente"
"arquivo_local","108","20251228192553862","20251228192553862_sst_exames.sql","false","1","missing","replay_ok","parcial","replay_ok_mas_ausente_do_ledger_e_schema_final_divergente"
"arquivo_local","109","20251228192553863","20251228192553863_sst_epis.sql","false","1","missing","replay_ok","parcial","replay_ok_mas_ausente_do_ledger_e_schema_final_divergente"
"arquivo_local","110","20251228192554864","20251228192554864_auditoria_logs.sql","false","1","missing","replay_ok","parcial","replay_ok_mas_ausente_do_ledger_e_schema_final_divergente"
"arquivo_local","111","20251228192555865","20251228192555865_notificacoes_templates.sql","false","1","missing","replay_ok","parcial","replay_ok_mas_ausente_do_ledger_e_schema_final_divergente"
"arquivo_local","112","20251228192555866","20251228192555866_integracao_logs.sql","false","1","missing","replay_ok","parcial","replay_ok_mas_ausente_do_ledger_e_schema_final_divergente"
"arquivo_local","113","20251228192556867","20251228192556867_cache_tabelas.sql","false","1","missing","replay_ok","parcial","replay_ok_mas_ausente_do_ledger_e_schema_final_divergente"
"arquivo_local","114","20251231120416","20251231120416_293f2d4e-53ba-4d3c-8a07-7d30d7e7627e.sql","true","1","missing","replay_ok","parcial","replay_ok_mas_ausente_do_ledger_e_schema_final_divergente"
"arquivo_local","115","20251231124528","20251231124528_43e243cd-475a-4405-b4d9-77b4bfde5fdf.sql","true","1","missing","replay_ok","parcial","replay_ok_mas_ausente_do_ledger_e_schema_final_divergente"
"arquivo_local","116","20251231130337","20251231130337_4c75f540-4be7-4e43-acf9-bc17784818f7.sql","true","1","missing","replay_ok","parcial","replay_ok_mas_ausente_do_ledger_e_schema_final_divergente"
"arquivo_local","117","20251231130956","20251231130956_c0ee8089-6e25-426b-90aa-57132bd2880d.sql","true","1","missing","replay_ok","parcial","replay_ok_mas_ausente_do_ledger_e_schema_final_divergente"
"arquivo_local","118","20251231131249","20251231131249_a44794d3-9ff9-45af-bdf9-68bc1af6d101.sql","true","1","missing","replay_ok","parcial","replay_ok_mas_ausente_do_ledger_e_schema_final_divergente"
"arquivo_local","119","20251231132429","20251231132429_b93cf26f-825e-4c56-a5c0-6cefdcc24bb8.sql","true","1","missing","replay_ok","parcial","replay_ok_mas_ausente_do_ledger_e_schema_final_divergente"
"arquivo_local","120","20260306004534","20260306004534_e06d975c-bcbb-4658-9bbe-0a16c707ac52.sql","true","1","missing","replay_ok","parcial","replay_ok_mas_ausente_do_ledger_e_schema_final_divergente"
"arquivo_local","121","20260306004825","20260306004825_da5427d3-7482-4bdf-9c20-fac8d457be98.sql","true","1","missing","replay_ok","parcial","replay_ok_mas_ausente_do_ledger_e_schema_final_divergente"
"arquivo_local","122","20260306004911","20260306004911_f95140a5-59d9-4050-aef9-0be138b9b381.sql","true","1","missing","replay_ok","parcial","replay_ok_mas_ausente_do_ledger_e_schema_final_divergente"
"arquivo_local","123","20260306004956","20260306004956_d9cc8360-ba1d-4820-81ec-150a9331e3da.sql","true","1","missing","replay_ok","parcial","replay_ok_mas_ausente_do_ledger_e_schema_final_divergente"
"arquivo_local","124","20260306005302","20260306005302_f32c0b56-1cbb-48ce-bc2c-382d06d6be88.sql","true","1","missing","replay_ok","parcial","replay_ok_mas_ausente_do_ledger_e_schema_final_divergente"
"arquivo_local","125","20260306005329","20260306005329_adddbd0e-69e6-454e-9456-f6ae103c1057.sql","true","1","missing","replay_ok","parcial","replay_ok_mas_ausente_do_ledger_e_schema_final_divergente"
"arquivo_local","126","20260306005617","20260306005617_5be7a8a5-9820-476a-9f7a-d51f20ea40f3.sql","true","1","missing","replay_ok","parcial","replay_ok_mas_ausente_do_ledger_e_schema_final_divergente"
"arquivo_local","127","20260306005653","20260306005653_2892b365-46e2-4efa-af63-a97bc84bd942.sql","true","1","missing","replay_ok","parcial","replay_ok_mas_ausente_do_ledger_e_schema_final_divergente"
"arquivo_local","128","20260306005901","20260306005901_26c3c73c-a102-4dd0-9a79-68ab94792f06.sql","true","1","missing","replay_ok","parcial","replay_ok_mas_ausente_do_ledger_e_schema_final_divergente"
"arquivo_local","129","20260306010115","20260306010115_c07d9a87-e33b-44ac-8ce2-c8d69663f254.sql","true","1","missing","replay_ok","parcial","replay_ok_mas_ausente_do_ledger_e_schema_final_divergente"
"arquivo_local","130","20260306010225","20260306010225_15c75912-6900-4203-856d-eba861eafdee.sql","true","1","missing","replay_ok","parcial","replay_ok_mas_ausente_do_ledger_e_schema_final_divergente"
"arquivo_local","131","20260314204312","20260314204312_e1d7f934-fdab-47cd-bbb4-fe652d0db8bd.sql","true","1","missing","replay_ok","parcial","replay_ok_mas_ausente_do_ledger_e_schema_final_divergente"
"arquivo_local","132","20260315191331","20260315191331_05ce1d25-efb6-4c00-9e38-cdd3cf56c3ba.sql","true","1","missing","replay_ok","parcial","replay_ok_mas_ausente_do_ledger_e_schema_final_divergente"
"arquivo_local","133","20260315193923","20260315193923_b1b7216e-7b7b-4ee9-9652-14599621e2df.sql","true","1","missing","replay_ok","parcial","replay_ok_mas_ausente_do_ledger_e_schema_final_divergente"
"arquivo_local","134","20260315195040","20260315195040_8d57b82c-f304-4067-9e43-1cac1c0a7c6c.sql","true","1","missing","replay_ok","parcial","replay_ok_mas_ausente_do_ledger_e_schema_final_divergente"
"arquivo_local","135","20260315201157","20260315201157_066fe7fd-ad10-42ac-b9b2-61490b4b9072.sql","true","1","missing","replay_ok","parcial","replay_ok_mas_ausente_do_ledger_e_schema_final_divergente"
"arquivo_local","136","20260315202618","20260315202618_94c24c18-ea7f-4e37-9f97-8adbf3e33738.sql","true","1","missing","replay_ok","parcial","replay_ok_mas_ausente_do_ledger_e_schema_final_divergente"
"arquivo_local","137","20260315202706","20260315202706_461eeabb-aa34-47a9-a210-b644267eeb44.sql","true","1","missing","replay_ok","parcial","replay_ok_mas_ausente_do_ledger_e_schema_final_divergente"
"arquivo_local","138","20260315212539","20260315212539_5eef123e-5aa4-4387-9c22-3e75d716d1a8.sql","true","1","missing","replay_ok","parcial","replay_ok_mas_ausente_do_ledger_e_schema_final_divergente"
"arquivo_local","139","20260315215434","20260315215434_22f1107b-4396-44b9-bfaf-cf7030e9fecd.sql","true","1","missing","replay_ok","parcial","replay_ok_mas_ausente_do_ledger_e_schema_final_divergente"
"arquivo_local","140","20260315220807","20260315220807_4e9f2068-94a3-4e7d-9916-c4eb39f3ced0.sql","true","1","missing","replay_ok","parcial","replay_ok_mas_ausente_do_ledger_e_schema_final_divergente"
"arquivo_local","141","20260315221402","20260315221402_aff16f44-db8c-4485-88a6-3fc17be8667a.sql","true","1","missing","replay_ok","parcial","replay_ok_mas_ausente_do_ledger_e_schema_final_divergente"
"arquivo_local","142","20260315221544","20260315221544_c195abf9-b6a7-47a0-9894-cb02d6121d62.sql","true","1","missing","replay_ok","parcial","replay_ok_mas_ausente_do_ledger_e_schema_final_divergente"
"arquivo_local","143","20260315222047","20260315222047_df1ab239-f717-4b9d-8905-a0ea0376bb60.sql","true","1","missing","replay_ok","parcial","replay_ok_mas_ausente_do_ledger_e_schema_final_divergente"
"arquivo_local","144","20260315223605","20260315223605_ba6057a1-f7df-4271-8b2e-12448947b960.sql","true","1","missing","replay_ok","parcial","replay_ok_mas_ausente_do_ledger_e_schema_final_divergente"
"arquivo_local","145","20260315223659","20260315223659_d8d6c7e7-5d20-4aa7-8114-49dec16bc7cd.sql","true","1","missing","replay_ok","parcial","replay_ok_mas_ausente_do_ledger_e_schema_final_divergente"
"arquivo_local","146","20260315223732","20260315223732_cdc1e118-a5b5-497a-bb95-d6fcd30cd7fd.sql","true","1","missing","replay_ok","parcial","replay_ok_mas_ausente_do_ledger_e_schema_final_divergente"
"arquivo_local","147","20260317001800","20260317001800_04cb0831-a98d-4be3-a8e9-654c2925fe14.sql","true","1","missing","replay_ok","parcial","replay_ok_mas_ausente_do_ledger_e_schema_final_divergente"
"arquivo_local","148","20260317001900","20260317001900_77c4e14f-abaa-4ae2-b6f0-ac0e6ff1ac57.sql","true","1","missing","replay_ok","parcial","replay_ok_mas_ausente_do_ledger_e_schema_final_divergente"
"arquivo_local","149","20260317001934","20260317001934_fixup_faltas_cols.sql","true","1","missing","replay_ok","parcial","replay_ok_mas_ausente_do_ledger_e_schema_final_divergente"
"arquivo_local","150","20260317001935","20260317001935_1663bc94-c134-4084-9b08-4b4257a48256.sql","true","1","missing","replay_ok","parcial","replay_ok_mas_ausente_do_ledger_e_schema_final_divergente"
"arquivo_local","151","20260317002430","20260317002430_fixup_ferias_beneficios_cols.sql","true","1","missing","replay_ok","parcial","replay_ok_mas_ausente_do_ledger_e_schema_final_divergente"
"arquivo_local","152","20260317002431","20260317002431_d47cf6c1-6edb-4f49-b716-fb1fc1278505.sql","true","1","missing","replay_ok","parcial","replay_ok_mas_ausente_do_ledger_e_schema_final_divergente"
"arquivo_local","153","20260317002451","20260317002451_15196e0d-4b63-4104-8d5d-78eab8902de7.sql","true","1","missing","replay_ok","parcial","replay_ok_mas_ausente_do_ledger_e_schema_final_divergente"
"arquivo_local","154","20260317003325","20260317003325_e3edf2b8-4ed4-4e91-9c04-9fc96d5cab81.sql","true","1","missing","replay_ok","parcial","replay_ok_mas_ausente_do_ledger_e_schema_final_divergente"
"arquivo_local","155","20260317005458","20260317005458_7b82a206-b836-4e2a-8ea3-4c32b0360223.sql","true","1","missing","replay_ok","parcial","replay_ok_mas_ausente_do_ledger_e_schema_final_divergente"
"arquivo_local","156","20260317005518","20260317005518_9ff96d52-d8fc-4d84-9e3b-c5a1ae31c4ce.sql","true","1","missing","replay_ok","parcial","replay_ok_mas_ausente_do_ledger_e_schema_final_divergente"
"arquivo_local","157","20260317005557","20260317005557_6b607417-de9c-4b73-a0bd-5aa87acbf54a.sql","true","1","missing","replay_ok","parcial","replay_ok_mas_ausente_do_ledger_e_schema_final_divergente"
"arquivo_local","158","20260317005611","20260317005611_d97e193a-fb41-4e41-b17f-fd67065b6028.sql","true","1","missing","replay_ok","parcial","replay_ok_mas_ausente_do_ledger_e_schema_final_divergente"
"arquivo_local","159","20260317125552","20260317125552_ab20d4cd-5708-41d7-b798-7b69d9b87917.sql","true","1","missing","replay_ok","parcial","replay_ok_mas_ausente_do_ledger_e_schema_final_divergente"
"arquivo_local","160","20260317130255","20260317130255_3d640e88-8321-4584-b921-81b859f83b82.sql","true","1","missing","replay_ok","parcial","replay_ok_mas_ausente_do_ledger_e_schema_final_divergente"
"arquivo_local","161","20260317160026","20260317160026_5c1fd87f-9096-49ed-b02f-246629f449cd.sql","true","1","missing","replay_ok","parcial","replay_ok_mas_ausente_do_ledger_e_schema_final_divergente"
"arquivo_local","162","20260317160500","20260317160500_906b4dee-a9e3-4033-8b6d-1ce8b49f1bfb.sql","true","1","missing","replay_ok","parcial","replay_ok_mas_ausente_do_ledger_e_schema_final_divergente"
"arquivo_local","163","20260317212233","20260317212233_17f878ab-3800-4752-b70d-6f2d549f959c.sql","true","1","missing","replay_ok","parcial","replay_ok_mas_ausente_do_ledger_e_schema_final_divergente"
"arquivo_local","164","20260317222200","20260317222200_71e014ec-b346-44d8-aa39-d9e11a913676.sql","true","1","missing","replay_ok","parcial","replay_ok_mas_ausente_do_ledger_e_schema_final_divergente"
"arquivo_local","165","20260317222231","20260317222231_7b441d65-aec7-4866-9e55-97a14741b16c.sql","true","1","missing","replay_ok","parcial","replay_ok_mas_ausente_do_ledger_e_schema_final_divergente"
"arquivo_local","166","20260317222251","20260317222251_eaa8d2e8-6c9b-48df-91c1-2103b17744c9.sql","true","1","missing","replay_ok","parcial","replay_ok_mas_ausente_do_ledger_e_schema_final_divergente"
"arquivo_local","167","20260317222622","20260317222622_60cecf5e-ac05-46ba-98cb-947f9f03fa99.sql","true","1","missing","replay_ok","parcial","replay_ok_mas_ausente_do_ledger_e_schema_final_divergente"
"arquivo_local","168","20260317222959","20260317222959_0d293c22-1aea-472b-a37d-2dbbe96714d4.sql","true","1","missing","replay_ok","parcial","replay_ok_mas_ausente_do_ledger_e_schema_final_divergente"
"arquivo_local","169","20260317223255","20260317223255_9cbafdf2-f2ad-4dee-9c2b-e877384d2f4c.sql","true","1","missing","replay_ok","parcial","replay_ok_mas_ausente_do_ledger_e_schema_final_divergente"
"arquivo_local","170","20260317223725","20260317223725_087d2e41-1994-49da-8aa5-d6bbec9b2dd5.sql","true","1","missing","replay_ok","parcial","replay_ok_mas_ausente_do_ledger_e_schema_final_divergente"
"arquivo_local","171","20260323120607","20260323120607_ac5dccb8-781c-4e1d-9b4a-3bb64296e894.sql","true","1","missing","replay_ok","parcial","replay_ok_mas_ausente_do_ledger_e_schema_final_divergente"
"arquivo_local","172","20260402112748","20260402112748_b18ef88b-ec9d-4690-b15b-b99e1aa75a75.sql","true","1","missing","replay_ok","parcial","replay_ok_mas_ausente_do_ledger_e_schema_final_divergente"
"arquivo_local","173","20260402140645","20260402140645_a1190af1-df52-42c0-82a4-b2f6a04f4e92.sql","true","1","missing","replay_ok","parcial","replay_ok_mas_ausente_do_ledger_e_schema_final_divergente"
"arquivo_local","174","20260402140700","20260402140700_328135ac-4071-499e-b543-e97f991f731c.sql","true","1","missing","replay_ok","parcial","replay_ok_mas_ausente_do_ledger_e_schema_final_divergente"
"arquivo_local","175","20260508195703","20260508195703_dc623548-85e7-4957-b5ce-ac9eff825e06.sql","true","1","missing","replay_ok","parcial","replay_ok_mas_ausente_do_ledger_e_schema_final_divergente"
"arquivo_local","176","20260508200723","20260508200723_502f30f8-6ab6-4f23-8e1d-f55fa12dbc6c.sql","true","1","missing","replay_ok","parcial","replay_ok_mas_ausente_do_ledger_e_schema_final_divergente"
"arquivo_local","177","20260508200907","20260508200907_99ae1647-8e19-4a36-bd8d-e8b3b3e41581.sql","true","1","missing","replay_ok","parcial","replay_ok_mas_ausente_do_ledger_e_schema_final_divergente"
"arquivo_local","178","20260508201011","20260508201011_997b6590-590f-4482-bef8-c7008c08a18b.sql","true","1","missing","replay_ok","parcial","replay_ok_mas_ausente_do_ledger_e_schema_final_divergente"
"arquivo_local","179","20260508201201","20260508201201_c669c005-c025-45e0-a2ca-18291f8360a1.sql","true","1","missing","replay_ok","parcial","replay_ok_mas_ausente_do_ledger_e_schema_final_divergente"
"arquivo_local","180","20260508201229","20260508201229_0036a5cc-4300-4c11-b3a8-db846ada4eec.sql","true","1","missing","replay_ok","parcial","replay_ok_mas_ausente_do_ledger_e_schema_final_divergente"
"arquivo_local","181","20260508204629","20260508204629_983340fb-37b8-43fd-b5ec-01f4eb3ae24e.sql","true","1","missing","replay_ok","parcial","replay_ok_mas_ausente_do_ledger_e_schema_final_divergente"
"arquivo_local","182","20260508204832","20260508204832_5d11ffba-c81c-42c4-a91d-afc861621b7d.sql","true","1","missing","replay_ok","parcial","replay_ok_mas_ausente_do_ledger_e_schema_final_divergente"
"arquivo_local","183","20260508204933","20260508204933_a14383bd-faa6-4785-81b4-e0ed279ab3d6.sql","true","1","missing","replay_ok","parcial","replay_ok_mas_ausente_do_ledger_e_schema_final_divergente"
"arquivo_local","184","20260509113912","20260509113912_3f7550fb-cc8c-49c0-9580-0116b8fa110f.sql","true","1","missing","replay_ok","parcial","replay_ok_mas_ausente_do_ledger_e_schema_final_divergente"
"arquivo_local","185","20260509114144","20260509114144_20cebfeb-515c-468f-a265-09459fb92b56.sql","true","1","missing","replay_ok","parcial","replay_ok_mas_ausente_do_ledger_e_schema_final_divergente"
"arquivo_local","186","20260509114212","20260509114212_f2f36e05-f12c-4885-92cd-fe74548fa9d4.sql","true","1","missing","replay_ok","parcial","replay_ok_mas_ausente_do_ledger_e_schema_final_divergente"
"arquivo_local","187","20260509114240","20260509114240_13a3f04f-e7a5-4dbe-bbc5-292357983ed2.sql","true","1","missing","replay_ok","parcial","replay_ok_mas_ausente_do_ledger_e_schema_final_divergente"
"arquivo_local","188","20260509114418","20260509114418_a9f2edbd-524a-42e4-85a9-6620552b6c64.sql","true","1","missing","replay_ok","parcial","replay_ok_mas_ausente_do_ledger_e_schema_final_divergente"
"arquivo_local","189","20260509115302","20260509115302_2ef117de-b8d7-4af9-bced-335a2839baa2.sql","true","1","missing","replay_ok","parcial","replay_ok_mas_ausente_do_ledger_e_schema_final_divergente"
"arquivo_local","190","20260509115855","20260509115855_33636fa8-8ba3-4fc5-be12-5876f53b106d.sql","true","1","missing","replay_ok","parcial","replay_ok_mas_ausente_do_ledger_e_schema_final_divergente"
"arquivo_local","191","20260509120300","20260509120300_67b9b2ec-6cec-4208-85d1-fac0b543d22a.sql","true","1","missing","replay_ok","parcial","replay_ok_mas_ausente_do_ledger_e_schema_final_divergente"
"arquivo_local","192","20260509122342","20260509122342_03e1533f-b165-4618-be38-8eb25a1da535.sql","true","1","missing","replay_ok","parcial","replay_ok_mas_ausente_do_ledger_e_schema_final_divergente"
"arquivo_local","193","20260509122856","20260509122856_42dba63d-6414-446b-84a7-bb9371442b22.sql","true","1","missing","replay_ok","parcial","replay_ok_mas_ausente_do_ledger_e_schema_final_divergente"
"arquivo_local","194","20260509123437","20260509123437_e609f845-6013-4e73-a469-a7df6a1615c3.sql","true","1","missing","replay_ok","parcial","replay_ok_mas_ausente_do_ledger_e_schema_final_divergente"
"arquivo_local","195","20260509123800","20260509123800_8f618a10-3e8e-4e67-a347-9ce392fd521c.sql","true","1","missing","replay_ok","parcial","replay_ok_mas_ausente_do_ledger_e_schema_final_divergente"
"arquivo_local","196","20260509123902","20260509123902_afdb500c-7f07-4cf2-8871-2019640dd2ea.sql","true","1","missing","replay_ok","parcial","replay_ok_mas_ausente_do_ledger_e_schema_final_divergente"
"arquivo_local","197","20260509124932","20260509124932_dbd05100-314e-47ac-878f-98bbcf660cb1.sql","true","1","missing","replay_ok","parcial","replay_ok_mas_ausente_do_ledger_e_schema_final_divergente"
"arquivo_local","198","20260509125936","20260509125936_99c1492d-7997-494c-80c7-878f204fd0b0.sql","true","1","missing","replay_ok","parcial","replay_ok_mas_ausente_do_ledger_e_schema_final_divergente"
"arquivo_local","199","20260509133327","20260509133327_2e3e0571-201c-4a43-bf9c-6248c7f090bd.sql","true","1","missing","replay_ok","parcial","replay_ok_mas_ausente_do_ledger_e_schema_final_divergente"
"arquivo_local","200","20260509144707","20260509144707_d7d6b185-9616-4b51-9ac2-8c942d0dfb0b.sql","true","1","missing","replay_ok","parcial","replay_ok_mas_ausente_do_ledger_e_schema_final_divergente"
"arquivo_local","201","20260509151903","20260509151903_107408e5-380c-4553-af2a-f97bdb584ab5.sql","true","1","missing","replay_ok","parcial","replay_ok_mas_ausente_do_ledger_e_schema_final_divergente"
"arquivo_local","202","20260509152204","20260509152204_b3bfb6df-c0bf-41a8-bd66-4769fa3a96c1.sql","true","1","missing","replay_ok","parcial","replay_ok_mas_ausente_do_ledger_e_schema_final_divergente"
"arquivo_local","203","20260509152739","20260509152739_58e5d00c-d453-439c-b88f-c6cceab6e489.sql","true","1","missing","replay_ok","parcial","replay_ok_mas_ausente_do_ledger_e_schema_final_divergente"
"arquivo_local","204","20260509153525","20260509153525_5bf8f9c0-7b46-443c-9d80-07c769f965dc.sql","true","1","missing","replay_ok","parcial","replay_ok_mas_ausente_do_ledger_e_schema_final_divergente"
"arquivo_local","205","20260509153953","20260509153953_8b84a5bc-7b3a-4025-bdf3-32ae07bdd70c.sql","true","1","missing","replay_ok","parcial","replay_ok_mas_ausente_do_ledger_e_schema_final_divergente"
"arquivo_local","206","20260509154818","20260509154818_3e7267a9-2248-4702-adb6-8acd7883cb2c.sql","true","1","missing","replay_ok","parcial","replay_ok_mas_ausente_do_ledger_e_schema_final_divergente"
"arquivo_local","207","20260509173546","20260509173546_411fcf1e-69c1-4ac2-9387-383ecdff070d.sql","true","1","missing","replay_ok","parcial","replay_ok_mas_ausente_do_ledger_e_schema_final_divergente"
"arquivo_local","208","20260509181501","20260509181501_4a2d0f1d-ae8b-44db-a4cf-1979dd0f353a.sql","true","1","missing","replay_ok","parcial","replay_ok_mas_ausente_do_ledger_e_schema_final_divergente"
"arquivo_local","209","20260509182643","20260509182643_bd40ae34-d8ba-4e0c-bbcc-59570dbaaf21.sql","true","1","missing","replay_ok","parcial","replay_ok_mas_ausente_do_ledger_e_schema_final_divergente"
"arquivo_local","210","20260509182847","20260509182847_274ae2b8-4b8b-4b81-87d7-e0669c73a295.sql","true","1","missing","replay_ok","parcial","replay_ok_mas_ausente_do_ledger_e_schema_final_divergente"
"arquivo_local","211","20260509183003","20260509183003_d6d2a30f-bc06-4e82-af6c-35fffa808d92.sql","true","1","missing","replay_ok","parcial","replay_ok_mas_ausente_do_ledger_e_schema_final_divergente"
"arquivo_local","212","20260509183921","20260509183921_1ce453e2-22bf-4f8e-babb-fcd4847ae9b0.sql","true","1","missing","replay_ok","parcial","replay_ok_mas_ausente_do_ledger_e_schema_final_divergente"
"arquivo_local","213","20260509184201","20260509184201_93765bfe-340c-4c2c-ad40-0a97c612b9f2.sql","true","1","missing","replay_ok","parcial","replay_ok_mas_ausente_do_ledger_e_schema_final_divergente"
"arquivo_local","214","20260509184633","20260509184633_9e484f49-3bba-42c6-b492-fdf3ea4967f4.sql","true","1","missing","replay_ok","parcial","replay_ok_mas_ausente_do_ledger_e_schema_final_divergente"
"arquivo_local","215","20260510123154","20260510123154_f9e5cae7-b34f-4345-9db0-cb8a3a6ebe9f.sql","true","1","missing","replay_ok","parcial","replay_ok_mas_ausente_do_ledger_e_schema_final_divergente"
"arquivo_local","216","20260511141729","20260511141729_301063c3-c283-49c8-8fb7-b716095c30fa.sql","true","1","missing","replay_ok","parcial","replay_ok_mas_ausente_do_ledger_e_schema_final_divergente"
"arquivo_local","217","20260511141753","20260511141753_fbb1c650-11a6-4d85-9f05-7fdf9e979d96.sql","true","1","missing","replay_ok","parcial","replay_ok_mas_ausente_do_ledger_e_schema_final_divergente"
"arquivo_local","218","20260511141842","20260511141842_16270fe4-a92f-422c-ab3e-292568e6fadc.sql","true","1","missing","replay_ok","parcial","replay_ok_mas_ausente_do_ledger_e_schema_final_divergente"
"arquivo_local","219","20260511141901","20260511141901_28584797-2dd2-4bb8-9fd5-910c770895a2.sql","true","1","missing","replay_ok","parcial","replay_ok_mas_ausente_do_ledger_e_schema_final_divergente"
"arquivo_local","220","20260511141937","20260511141937_e4343b7c-443e-4fcd-99ca-351d073af25e.sql","true","1","missing","replay_ok","parcial","replay_ok_mas_ausente_do_ledger_e_schema_final_divergente"
"arquivo_local","221","20260511142002","20260511142002_6559cc40-0690-42e7-b01e-4bf400c83658.sql","true","1","missing","replay_ok","parcial","replay_ok_mas_ausente_do_ledger_e_schema_final_divergente"
"arquivo_local","222","20260511202940","20260511202940_0fd721dc-d222-47ac-9985-962098c4ef56.sql","true","1","missing","replay_ok","parcial","replay_ok_mas_ausente_do_ledger_e_schema_final_divergente"
"arquivo_local","223","20260511203845","20260511203845_2e82056f-4c72-4240-bc83-1b8c26d683c2.sql","true","1","missing","replay_ok","parcial","replay_ok_mas_ausente_do_ledger_e_schema_final_divergente"
"arquivo_local","224","20260511205218","20260511205218_3cc02608-e559-488e-a856-a35901cde34d.sql","true","1","missing","replay_ok","parcial","replay_ok_mas_ausente_do_ledger_e_schema_final_divergente"
"arquivo_local","225","20260511205511","20260511205511_1bc4addf-6fde-409a-a52d-1c4f101833d3.sql","true","1","missing","replay_ok","parcial","replay_ok_mas_ausente_do_ledger_e_schema_final_divergente"
"arquivo_local","226","20260512142106","20260512142106_1f4ccc51-b612-41e0-960c-ac851d1c5f4f.sql","true","1","missing","replay_ok","parcial","replay_ok_mas_ausente_do_ledger_e_schema_final_divergente"
"arquivo_local","227","20260512142413","20260512142413_e2886d2c-be8c-4053-8ff0-a69f7ca39387.sql","true","1","missing","replay_ok","parcial","replay_ok_mas_ausente_do_ledger_e_schema_final_divergente"
"arquivo_local","228","20260512142601","20260512142601_9fe295a6-5736-4c05-9ca5-d4c4c0552d8a.sql","true","1","missing","replay_ok","parcial","replay_ok_mas_ausente_do_ledger_e_schema_final_divergente"
"arquivo_local","229","20260512143047","20260512143047_af6f8506-51e4-4d91-89bc-1dc787d60271.sql","true","1","missing","replay_ok","parcial","replay_ok_mas_ausente_do_ledger_e_schema_final_divergente"
"arquivo_local","230","20260512143254","20260512143254_b2edd72e-33da-46cc-b941-c5cf175a6ef8.sql","true","1","missing","replay_ok","parcial","replay_ok_mas_ausente_do_ledger_e_schema_final_divergente"
"arquivo_local","231","20260512143657","20260512143657_88d18f35-2446-4cfa-93a4-b07f95b503b5.sql","true","1","missing","replay_ok","parcial","replay_ok_mas_ausente_do_ledger_e_schema_final_divergente"
"arquivo_local","232","20260512171333","20260512171333_554bc54e-838b-4114-9ff2-1458fae3d052.sql","true","1","missing","replay_ok","parcial","replay_ok_mas_ausente_do_ledger_e_schema_final_divergente"
"arquivo_local","233","20260512171536","20260512171536_7484a0bb-1c15-4bef-9ebf-ef6fcd9d23df.sql","true","1","missing","replay_ok","parcial","replay_ok_mas_ausente_do_ledger_e_schema_final_divergente"
"arquivo_local","234","20260512171645","20260512171645_df8e521f-f948-4865-8d7a-147eeebfa0b4.sql","true","1","missing","replay_ok","parcial","replay_ok_mas_ausente_do_ledger_e_schema_final_divergente"
"arquivo_local","235","20260512171849","20260512171849_d4c539fb-c95f-4086-8acb-c804f477c1c0.sql","true","1","missing","replay_ok","parcial","replay_ok_mas_ausente_do_ledger_e_schema_final_divergente"
"arquivo_local","236","20260512174604","20260512174604_b7ad5f30-38b6-46ab-8c24-5fa09214abfc.sql","true","1","missing","replay_ok","parcial","replay_ok_mas_ausente_do_ledger_e_schema_final_divergente"
"arquivo_local","237","20260512193955","20260512193955_63dfb121-d9ca-43ad-a3ce-cce675439e1c.sql","true","1","missing","replay_ok","parcial","replay_ok_mas_ausente_do_ledger_e_schema_final_divergente"
"arquivo_local","238","20260512194353","20260512194353_47a935ed-b2c9-4422-865a-e8526a4adbc0.sql","true","1","missing","replay_ok","parcial","replay_ok_mas_ausente_do_ledger_e_schema_final_divergente"
"arquivo_local","239","20260513140223","20260513140223_4bde874a-1609-4dfc-92ec-3e06c832a453.sql","true","1","missing","replay_ok","parcial","replay_ok_mas_ausente_do_ledger_e_schema_final_divergente"
"arquivo_local","240","20260513140627","20260513140627_eb09ea00-f98a-41b0-9506-189ff4d9f227.sql","true","1","missing","replay_ok","parcial","replay_ok_mas_ausente_do_ledger_e_schema_final_divergente"
"arquivo_local","241","20260513140810","20260513140810_0a52ccd6-48ec-4692-8556-fdc29ba632c5.sql","true","1","missing","replay_ok","parcial","replay_ok_mas_ausente_do_ledger_e_schema_final_divergente"
"arquivo_local","242","20260513140912","20260513140912_1e607930-1b1f-473d-afb4-c29129a3b8a4.sql","true","1","missing","replay_ok","parcial","replay_ok_mas_ausente_do_ledger_e_schema_final_divergente"
"arquivo_local","243","20260513165148","20260513165148_dba8acd2-8fa3-4894-9e35-5cd1e3954394.sql","true","1","missing","replay_ok","parcial","replay_ok_mas_ausente_do_ledger_e_schema_final_divergente"
"arquivo_local","244","20260513174904","20260513174904_5447841d-ebcd-4bb7-b014-b0075bd77040.sql","true","1","missing","replay_ok","parcial","replay_ok_mas_ausente_do_ledger_e_schema_final_divergente"
"arquivo_local","245","20260513175801","20260513175801_c4013d3a-61e8-4a23-a705-8dc00b4fd86a.sql","true","1","missing","replay_ok","parcial","replay_ok_mas_ausente_do_ledger_e_schema_final_divergente"
"arquivo_local","246","20260513180136","20260513180136_1667c7b4-6b13-4e07-b1de-b6df2a467392.sql","true","1","missing","replay_ok","parcial","replay_ok_mas_ausente_do_ledger_e_schema_final_divergente"
"arquivo_local","247","20260513182833","20260513182833_20a60acc-3e79-4009-bf96-f286bedb9c60.sql","true","1","missing","replay_ok","parcial","replay_ok_mas_ausente_do_ledger_e_schema_final_divergente"
"arquivo_local","248","20260513182906","20260513182906_7fb450f8-ce7d-4e90-bb3b-f41d0dd7b428.sql","true","1","missing","replay_ok","parcial","replay_ok_mas_ausente_do_ledger_e_schema_final_divergente"
"arquivo_local","249","20260513190653","20260513190653_f4602dd4-edce-4d5c-a3c7-69b94e5c9fc7.sql","true","1","missing","replay_ok","parcial","replay_ok_mas_ausente_do_ledger_e_schema_final_divergente"
"arquivo_local","250","20260513190905","20260513190905_813d43d2-07db-48ca-b9d9-3e9e047ced64.sql","true","1","missing","replay_ok","parcial","replay_ok_mas_ausente_do_ledger_e_schema_final_divergente"
"arquivo_local","251","20260513191020","20260513191020_91f3d927-f670-4595-92a6-0de6b1a83040.sql","true","1","missing","replay_ok","parcial","replay_ok_mas_ausente_do_ledger_e_schema_final_divergente"
"arquivo_local","252","20260513191130","20260513191130_77a4a340-9ff8-49a4-aad0-30db56a2f52d.sql","true","1","missing","replay_ok","parcial","replay_ok_mas_ausente_do_ledger_e_schema_final_divergente"
"arquivo_local","253","20260513191154","20260513191154_414da01b-2252-4631-921f-609db9598fad.sql","true","1","missing","replay_ok","parcial","replay_ok_mas_ausente_do_ledger_e_schema_final_divergente"
"arquivo_local","254","20260513191234","20260513191234_acc0bf4e-697f-4760-9ff5-9d52b28c7cda.sql","true","1","missing","replay_ok","parcial","replay_ok_mas_ausente_do_ledger_e_schema_final_divergente"
"arquivo_local","255","20260513191300","20260513191300_63701bda-a368-45cb-ab56-fcd978755c32.sql","true","1","missing","replay_ok","parcial","replay_ok_mas_ausente_do_ledger_e_schema_final_divergente"
"arquivo_local","256","20260513191548","20260513191548_9b11aa2c-8ca9-4607-8430-e6831327b858.sql","true","1","missing","replay_ok","parcial","replay_ok_mas_ausente_do_ledger_e_schema_final_divergente"
"arquivo_local","257","20260513191802","20260513191802_19b650ee-2412-4e5b-b436-7e7be32777c9.sql","true","1","missing","replay_ok","parcial","replay_ok_mas_ausente_do_ledger_e_schema_final_divergente"
"arquivo_local","258","20260513191939","20260513191939_debf0e40-10a1-46a1-80a8-f0cdb01d7505.sql","true","1","missing","replay_ok","parcial","replay_ok_mas_ausente_do_ledger_e_schema_final_divergente"
"arquivo_local","259","20260513192525","20260513192525_7d32938f-17f8-4fdb-9b91-e2eb68fafb62.sql","true","1","missing","replay_ok","parcial","replay_ok_mas_ausente_do_ledger_e_schema_final_divergente"
"arquivo_local","260","20260513192749","20260513192749_b5058fc2-d067-4afe-a3d1-95ef70138970.sql","true","1","missing","replay_ok","parcial","replay_ok_mas_ausente_do_ledger_e_schema_final_divergente"
"arquivo_local","261","20260513193042","20260513193042_b86a4a4c-b171-48a9-b576-41802c9ef3cc.sql","true","1","missing","replay_ok","parcial","replay_ok_mas_ausente_do_ledger_e_schema_final_divergente"
"arquivo_local","262","20260513193156","20260513193156_bc992237-d9ae-4c9a-aebb-fcf110a1ff73.sql","true","1","missing","replay_ok","parcial","replay_ok_mas_ausente_do_ledger_e_schema_final_divergente"
"arquivo_local","263","20260513194019","20260513194019_e00d6be3-3052-421c-9f9c-736b123cc767.sql","true","1","missing","replay_ok","parcial","replay_ok_mas_ausente_do_ledger_e_schema_final_divergente"
"arquivo_local","264","20260513194122","20260513194122_4a8b85e3-3965-47e8-8323-62f12e479070.sql","true","1","missing","replay_ok","parcial","replay_ok_mas_ausente_do_ledger_e_schema_final_divergente"
"arquivo_local","265","20260513194306","20260513194306_67ab5170-5496-494b-8daf-55f56d44af9f.sql","true","1","missing","replay_ok","parcial","replay_ok_mas_ausente_do_ledger_e_schema_final_divergente"
"arquivo_local","266","20260513194355","20260513194355_0d2a6875-c17c-4c7e-a7e8-cf5ab19aea46.sql","true","1","missing","replay_ok","parcial","replay_ok_mas_ausente_do_ledger_e_schema_final_divergente"
"arquivo_local","267","20260513194531","20260513194531_d3108e34-3444-4cc9-8c6d-3a05039b9616.sql","true","1","missing","replay_ok","parcial","replay_ok_mas_ausente_do_ledger_e_schema_final_divergente"
"arquivo_local","268","20260513194604","20260513194604_d9a9515d-c19d-4c95-9be2-50e5d2c70c92.sql","true","1","missing","replay_ok","parcial","replay_ok_mas_ausente_do_ledger_e_schema_final_divergente"
"arquivo_local","269","20260513194635","20260513194635_97254b06-d271-4c84-b1a3-71a3c485c299.sql","true","1","missing","replay_ok","parcial","replay_ok_mas_ausente_do_ledger_e_schema_final_divergente"
"arquivo_local","270","20260513194716","20260513194716_08d6ad29-65c2-4c81-8d8d-a2b3032f056a.sql","true","1","missing","replay_ok","parcial","replay_ok_mas_ausente_do_ledger_e_schema_final_divergente"
"arquivo_local","271","20260515121408","20260515121408_ebf57e59-c2b4-40ee-9a38-b0b1364b4e18.sql","true","1","missing","replay_ok","parcial","replay_ok_mas_ausente_do_ledger_e_schema_final_divergente"
"arquivo_local","272","20260515183054","20260515183054_5d2a76a6-0367-4d14-933f-7f345ddb3dde.sql","true","1","missing","replay_ok","parcial","replay_ok_mas_ausente_do_ledger_e_schema_final_divergente"
"arquivo_local","273","20260515183113","20260515183113_fe3fb304-0b9d-4e29-8e09-b94e989c6c5f.sql","true","1","missing","replay_ok","parcial","replay_ok_mas_ausente_do_ledger_e_schema_final_divergente"
"arquivo_local","274","20260516132007","20260516132007_a501e4ad-d45a-4862-818f-dae9b067e287.sql","true","1","missing","replay_ok","parcial","replay_ok_mas_ausente_do_ledger_e_schema_final_divergente"
"arquivo_local","275","20260516132155","20260516132155_40a5d387-aaa2-4cbe-9a1a-d7b2d6470d8d.sql","true","1","missing","replay_ok","parcial","replay_ok_mas_ausente_do_ledger_e_schema_final_divergente"
"arquivo_local","276","20260516132444","20260516132444_b0bb19c6-3e73-4f03-8821-27cbd38d9f81.sql","true","1","missing","replay_ok","parcial","replay_ok_mas_ausente_do_ledger_e_schema_final_divergente"
"arquivo_local","277","20260516150858","20260516150858_5f9a23d8-eecc-4ef1-a3e1-5f916d38daca.sql","true","1","missing","replay_ok","parcial","replay_ok_mas_ausente_do_ledger_e_schema_final_divergente"
"arquivo_local","278","20260516155424","20260516155424_e89f14f1-c371-4913-b94d-23f525b2f618.sql","true","1","missing","replay_ok","parcial","replay_ok_mas_ausente_do_ledger_e_schema_final_divergente"
"arquivo_local","279","20260516173554","20260516173554_9fff8648-88fc-419f-976b-5e0f2b6eade3.sql","true","1","missing","replay_ok","parcial","replay_ok_mas_ausente_do_ledger_e_schema_final_divergente"
"arquivo_local","280","20260516174149","20260516174149_54b994a0-12f2-458c-8b62-1a9d72b3cab6.sql","true","1","missing","replay_ok","parcial","replay_ok_mas_ausente_do_ledger_e_schema_final_divergente"
"arquivo_local","281","20260516174828","20260516174828_ba0944ab-b72a-44d2-93a3-9abab3e715e0.sql","true","1","missing","replay_ok","parcial","replay_ok_mas_ausente_do_ledger_e_schema_final_divergente"
"arquivo_local","282","20260516174949","20260516174949_44497428-fc98-423b-9ddf-76102c12b0b9.sql","true","1","missing","replay_ok","parcial","replay_ok_mas_ausente_do_ledger_e_schema_final_divergente"
"arquivo_local","283","20260516175648","20260516175648_835be6f9-b129-4520-bc17-b60bf8d426c1.sql","true","1","missing","replay_ok","parcial","replay_ok_mas_ausente_do_ledger_e_schema_final_divergente"
"arquivo_local","284","20260519125632","20260519125632_be43c050-3599-48b7-a997-9e5584da16c8.sql","true","1","missing","replay_ok","parcial","replay_ok_mas_ausente_do_ledger_e_schema_final_divergente"
"arquivo_local","285","20260520120947","20260520120947_b66bab32-5450-48bd-a13c-e74df6d7de2c.sql","true","1","missing","replay_ok","parcial","replay_ok_mas_ausente_do_ledger_e_schema_final_divergente"
"arquivo_local","286","20260520131308","20260520131308_278e1ff0-fe3b-47e9-af8e-38b653755457.sql","true","1","missing","replay_ok","parcial","replay_ok_mas_ausente_do_ledger_e_schema_final_divergente"
"arquivo_local","287","20260520144308","20260520144308_cb1245dc-0ae4-4fb6-a04c-a6b74738b0e7.sql","true","1","missing","replay_ok","parcial","replay_ok_mas_ausente_do_ledger_e_schema_final_divergente"
"arquivo_local","288","20260520160810","20260520160810_db3825bf-6151-4958-b97a-cf564006fb74.sql","true","1","missing","replay_ok","parcial","replay_ok_mas_ausente_do_ledger_e_schema_final_divergente"
"arquivo_local","289","20260522125606","20260522125606_ff9c3bbb-286d-4360-9d26-3342e4c93227.sql","true","1","missing","replay_ok","parcial","replay_ok_mas_ausente_do_ledger_e_schema_final_divergente"
"arquivo_local","290","20260522142107","20260522142107_56c6019a-7267-4762-abea-bc88fb67baac.sql","true","1","missing","replay_ok","parcial","replay_ok_mas_ausente_do_ledger_e_schema_final_divergente"
"arquivo_local","291","20260522142643","20260522142643_20bfed52-b56e-48b5-a471-0dcea23a3274.sql","true","1","missing","replay_ok","parcial","replay_ok_mas_ausente_do_ledger_e_schema_final_divergente"
"arquivo_local","292","20260522150157","20260522150157_a93b1724-741e-4651-8427-29d4b18fdc14.sql","true","1","missing","replay_ok","parcial","replay_ok_mas_ausente_do_ledger_e_schema_final_divergente"
"arquivo_local","293","20260522150310","20260522150310_36e079ea-f24e-4e0a-886b-67e8e0095365.sql","true","1","missing","replay_ok","parcial","replay_ok_mas_ausente_do_ledger_e_schema_final_divergente"
"arquivo_local","294","20260522151147","20260522151147_134aa53d-d186-4e54-9baf-19e0ee352af6.sql","true","1","missing","replay_ok","parcial","replay_ok_mas_ausente_do_ledger_e_schema_final_divergente"
"arquivo_local","295","20260522151224","20260522151224_9c98ea64-2049-4488-bc9c-cb33a697e4a5.sql","true","1","missing","replay_ok","parcial","replay_ok_mas_ausente_do_ledger_e_schema_final_divergente"
"arquivo_local","296","20260522151430","20260522151430_eb53c433-084d-48f2-bd32-72cdcfdbf543.sql","true","1","missing","replay_ok","parcial","replay_ok_mas_ausente_do_ledger_e_schema_final_divergente"
"arquivo_local","297","20260523154556","20260523154556_61536354-b74b-4775-a1f1-ada966620321.sql","true","1","missing","replay_ok","parcial","replay_ok_mas_ausente_do_ledger_e_schema_final_divergente"
"arquivo_local","298","20260527125800","20260527125800_f2cc5838-a6f5-41c0-84d7-2d5fb3f6cf37.sql","true","1","missing","replay_ok","parcial","replay_ok_mas_ausente_do_ledger_e_schema_final_divergente"
"arquivo_local","299","20260527130231","20260527130231_f198a689-b78b-4ddf-8477-8f92431fb272.sql","true","1","missing","replay_ok","parcial","replay_ok_mas_ausente_do_ledger_e_schema_final_divergente"
"arquivo_local","300","20260619145955","20260619145955_dd3786d0-27f0-49fe-9ab7-7e75a3d67d0d.sql","true","1","missing","replay_ok","parcial","replay_ok_mas_ausente_do_ledger_e_schema_final_divergente"
"arquivo_local","301","20260619150049","20260619150049_dffec0ec-21e7-4a92-aaa0-f43a60235f8d.sql","true","1","missing","replay_ok","parcial","replay_ok_mas_ausente_do_ledger_e_schema_final_divergente"
"arquivo_local","302","20260619150125","20260619150125_59642919-6676-41c6-ae18-05d1b0b4e7c8.sql","true","1","missing","replay_ok","parcial","replay_ok_mas_ausente_do_ledger_e_schema_final_divergente"
"arquivo_local","303","20260619150451","20260619150451_8b53656f-1156-4435-a6d2-296649805d58.sql","true","1","missing","replay_ok","parcial","replay_ok_mas_ausente_do_ledger_e_schema_final_divergente"
"arquivo_local","304","20260619150614","20260619150614_35447ebf-a55a-49a4-a1c3-37040dd273b5.sql","true","1","missing","replay_ok","parcial","replay_ok_mas_ausente_do_ledger_e_schema_final_divergente"
"arquivo_local","305","20260619150655","20260619150655_d351eb28-a928-4282-bd07-2e1264f1fb0b.sql","true","1","missing","replay_ok","parcial","replay_ok_mas_ausente_do_ledger_e_schema_final_divergente"
"arquivo_local","306","20260619150742","20260619150742_a0d35ecd-84ca-49ff-b750-dd1d43b2f28a.sql","true","1","missing","replay_ok","parcial","replay_ok_mas_ausente_do_ledger_e_schema_final_divergente"
"arquivo_local","307","20260619150830","20260619150830_34f9cfef-7240-434f-82f0-08c6759a322d.sql","true","1","missing","replay_ok","parcial","replay_ok_mas_ausente_do_ledger_e_schema_final_divergente"
"arquivo_local","308","20260619153352","20260619153352_5595ddd5-b1e4-49cd-9494-c2f6d322eccf.sql","true","1","missing","replay_ok","parcial","replay_ok_mas_ausente_do_ledger_e_schema_final_divergente"
"arquivo_local","309","20260619153616","20260619153616_ccd53f76-f658-4c97-9927-a18db4890cfc.sql","true","1","missing","replay_ok","parcial","replay_ok_mas_ausente_do_ledger_e_schema_final_divergente"
"arquivo_local","310","20260619183655","20260619183655_652385c1-3ad1-43be-a35c-3e98f643b11f.sql","true","1","missing","replay_ok","parcial","replay_ok_mas_ausente_do_ledger_e_schema_final_divergente"
"arquivo_local","311","20260619184136","20260619184136_d82025a3-2ff8-4c42-b853-81395b9b5da3.sql","true","1","missing","replay_ok","parcial","replay_ok_mas_ausente_do_ledger_e_schema_final_divergente"
"arquivo_local","312","20260619184215","20260619184215_b57200ae-dc38-4618-8215-9a9c3888b526.sql","true","1","missing","replay_ok","parcial","replay_ok_mas_ausente_do_ledger_e_schema_final_divergente"
"arquivo_local","313","20260619205621","20260619205621_3a99bd41-5d32-4b65-ac90-6f6610ad707b.sql","true","1","missing","replay_ok","parcial","replay_ok_mas_ausente_do_ledger_e_schema_final_divergente"
"arquivo_local","314","20260627190530","20260627190530_3d39cb13-77fc-4e76-9323-a41bdafe0068.sql","true","1","missing","replay_ok","parcial","replay_ok_mas_ausente_do_ledger_e_schema_final_divergente"
"arquivo_local","315","20260627190757","20260627190757_887b9d75-6806-4a9e-9ec3-7951e97cbe54.sql","true","1","missing","replay_ok","parcial","replay_ok_mas_ausente_do_ledger_e_schema_final_divergente"
"arquivo_local","316","20260628103642","20260628103642_fc381629-3a03-4a2b-a034-d8b4377c56f1.sql","true","1","missing","replay_ok","parcial","replay_ok_mas_ausente_do_ledger_e_schema_final_divergente"
"arquivo_local","317","20260711145433","20260711145433_9ec8a43a-f6a7-47f9-a876-6c6788f8701d.sql","true","1","missing","replay_ok","parcial","replay_ok_mas_ausente_do_ledger_e_schema_final_divergente"
"arquivo_local","318","20260711150410","20260711150410_1308b423-3072-44f6-8780-6261c58dd040.sql","true","1","missing","replay_ok","parcial","replay_ok_mas_ausente_do_ledger_e_schema_final_divergente"
"arquivo_local","319","20260711150513","20260711150513_069a9179-c986-4be9-bfdc-e3bbbf1d3c70.sql","true","1","missing","replay_ok","parcial","replay_ok_mas_ausente_do_ledger_e_schema_final_divergente"
"arquivo_local","320","20260711152748","20260711152748_c98d7ea6-3c0c-48e5-92e2-ca19ac9f63f4.sql","true","1","missing","replay_ok","parcial","replay_ok_mas_ausente_do_ledger_e_schema_final_divergente"
"arquivo_local","321","20260711153353","20260711153353_c75da075-ebf0-487c-a2e8-1a5a3fdc6420.sql","true","1","missing","replay_ok","parcial","replay_ok_mas_ausente_do_ledger_e_schema_final_divergente"
"arquivo_local","322","20260711153603","20260711153603_cff03a04-94c1-410e-862c-b8929436ad6a.sql","true","1","missing","replay_ok","parcial","replay_ok_mas_ausente_do_ledger_e_schema_final_divergente"
"arquivo_local","323","20260711175817","20260711175817_6126e8a8-8d94-4919-991b-7fd7b4d58655.sql","true","1","missing","replay_ok","parcial","replay_ok_mas_ausente_do_ledger_e_schema_final_divergente"
"arquivo_local","324","20260711182246","20260711182246_c4e2ce56-93c3-45f7-a1c3-41d8cfa6436e.sql","true","1","missing","replay_ok","parcial","replay_ok_mas_ausente_do_ledger_e_schema_final_divergente"
"arquivo_local","325","20260711192842","20260711192842_9303fb03-a4a0-48c7-82d3-b10498cf8ef2.sql","true","1","missing","replay_ok","parcial","replay_ok_mas_ausente_do_ledger_e_schema_final_divergente"
"arquivo_local","326","20260712183146","20260712183146_000bb536-accb-40ae-92d7-49573ae1d3d5.sql","true","1","missing","replay_ok","parcial","replay_ok_mas_ausente_do_ledger_e_schema_final_divergente"
"arquivo_local","327","20260712184140","20260712184140_0536e2cb-6844-417e-86f6-23fe7e74656a.sql","true","1","missing","replay_ok","parcial","replay_ok_mas_ausente_do_ledger_e_schema_final_divergente"
"arquivo_local","328","20260712193819","20260712193819_94a9da9f-81b4-4737-867a-bc078939a53e.sql","true","1","missing","replay_ok","parcial","replay_ok_mas_ausente_do_ledger_e_schema_final_divergente"
"arquivo_local","329","20260712202243","20260712202243_a08e07a3-e8ff-4ca2-90c9-a2119f0b21b1.sql","true","1","missing","replay_ok","parcial","replay_ok_mas_ausente_do_ledger_e_schema_final_divergente"
"arquivo_local","330","20260712202725","20260712202725_b309f560-f8b7-4061-866d-e8fb64779274.sql","true","1","missing","replay_ok","parcial","replay_ok_mas_ausente_do_ledger_e_schema_final_divergente"
"arquivo_local","331","20260712203121","20260712203121_8562a409-33b5-4785-ace8-f055d7993a92.sql","true","1","missing","replay_ok","parcial","replay_ok_mas_ausente_do_ledger_e_schema_final_divergente"
"arquivo_local","332","20260712203223","20260712203223_45ceeb52-99de-4d95-9e52-40268f26d0e7.sql","true","1","missing","replay_ok","parcial","replay_ok_mas_ausente_do_ledger_e_schema_final_divergente"
"arquivo_local","333","20260712205624","20260712205624_271b19b2-c825-4331-a42e-ee8ed3c9ed37.sql","true","1","missing","replay_ok","parcial","replay_ok_mas_ausente_do_ledger_e_schema_final_divergente"
"arquivo_local","334","20260712211719","20260712211719_e90f14f4-f5a0-4be9-b2f8-64cb6c4cec8c.sql","true","1","missing","replay_ok","parcial","replay_ok_mas_ausente_do_ledger_e_schema_final_divergente"
"arquivo_local","335","20260712211818","20260712211818_d725dfe0-bd03-404e-9fdf-f24b250680b2.sql","true","1","missing","replay_ok","parcial","replay_ok_mas_ausente_do_ledger_e_schema_final_divergente"
"arquivo_local","336","20260712211940","20260712211940_fd8bc9f9-8edb-4c33-918b-1d5b1e783716.sql","true","1","missing","replay_ok","parcial","replay_ok_mas_ausente_do_ledger_e_schema_final_divergente"
"arquivo_local","337","20260712212039","20260712212039_d00bd73d-5336-4dc3-add0-12032006ed54.sql","true","1","missing","replay_ok","parcial","replay_ok_mas_ausente_do_ledger_e_schema_final_divergente"
"arquivo_local","338","20260712212218","20260712212218_c692263b-72aa-41b9-a72c-ee07698c5723.sql","true","1","missing","replay_ok","parcial","replay_ok_mas_ausente_do_ledger_e_schema_final_divergente"
"arquivo_local","339","20260712212325","20260712212325_3e455108-6227-4b98-92b1-86f54bcda510.sql","true","1","missing","replay_ok","parcial","replay_ok_mas_ausente_do_ledger_e_schema_final_divergente"
"arquivo_local","340","20260712212452","20260712212452_5801f12c-747a-4d40-93c3-aaf7f2c961c3.sql","true","1","missing","replay_ok","parcial","replay_ok_mas_ausente_do_ledger_e_schema_final_divergente"
"arquivo_local","341","20260712212615","20260712212615_55ae5f57-0022-4662-9e43-765fc46fa039.sql","true","1","missing","replay_ok","parcial","replay_ok_mas_ausente_do_ledger_e_schema_final_divergente"
"arquivo_local","342","20260712212733","20260712212733_63fa24a8-821c-43f5-bb44-b58a0bd81da2.sql","true","1","missing","replay_ok","parcial","replay_ok_mas_ausente_do_ledger_e_schema_final_divergente"
"arquivo_local","343","20260712212841","20260712212841_b1877f49-57bf-4aec-9c48-bc33d212289d.sql","true","1","missing","replay_ok","parcial","replay_ok_mas_ausente_do_ledger_e_schema_final_divergente"
"arquivo_local","344","20260712213138","20260712213138_d047bbd8-ce51-4489-ba34-cca9843e27a6.sql","true","1","missing","replay_ok","parcial","replay_ok_mas_ausente_do_ledger_e_schema_final_divergente"
"arquivo_local","345","20260712213253","20260712213253_6b730cf1-b93d-4117-8b98-7ff65a2820aa.sql","true","1","missing","replay_ok","parcial","replay_ok_mas_ausente_do_ledger_e_schema_final_divergente"
"arquivo_local","346","20260712213407","20260712213407_20d37218-3f4b-4337-a867-a6b356d472c2.sql","true","1","missing","replay_ok","parcial","replay_ok_mas_ausente_do_ledger_e_schema_final_divergente"
"arquivo_local","347","20260712213510","20260712213510_4b558d6a-ab2e-4ca8-bdaf-10d0cf550fb4.sql","true","1","missing","replay_ok","parcial","replay_ok_mas_ausente_do_ledger_e_schema_final_divergente"
"arquivo_local","348","20260712213730","20260712213730_dddcf8ac-c016-4e29-8965-0b0583429231.sql","true","1","missing","replay_ok","parcial","replay_ok_mas_ausente_do_ledger_e_schema_final_divergente"
"arquivo_local","349","20260712213908","20260712213908_2a68d8c6-5402-4526-b55c-9b3f89124bbb.sql","true","1","missing","replay_ok","parcial","replay_ok_mas_ausente_do_ledger_e_schema_final_divergente"
"arquivo_local","350","20260712214014","20260712214014_5ded020d-3162-4157-ba2e-724b53d8392b.sql","true","1","missing","replay_ok","parcial","replay_ok_mas_ausente_do_ledger_e_schema_final_divergente"
"arquivo_local","351","20260712214124","20260712214124_67343278-b8c1-4404-988f-4eb9e39d2fe7.sql","true","1","missing","replay_ok","parcial","replay_ok_mas_ausente_do_ledger_e_schema_final_divergente"
"arquivo_local","352","20260712214246","20260712214246_f48266eb-3c81-4669-8028-d5fdd5247e14.sql","true","1","missing","replay_ok","parcial","replay_ok_mas_ausente_do_ledger_e_schema_final_divergente"
"arquivo_local","353","20260712214444","20260712214444_bb225a90-69dd-4aea-a9f7-9f79574948f2.sql","true","1","missing","replay_ok","parcial","replay_ok_mas_ausente_do_ledger_e_schema_final_divergente"
"arquivo_local","354","20260712214640","20260712214640_fixup_afastamentos_cols.sql","true","1","missing","replay_ok","parcial","replay_ok_mas_ausente_do_ledger_e_schema_final_divergente"
"arquivo_local","355","20260712214642","20260712214642_fixup_documentos_empresa_id.sql","true","1","missing","replay_ok","parcial","replay_ok_mas_ausente_do_ledger_e_schema_final_divergente"
"arquivo_local","356","20260712214643","20260712214643_fixup_lancamentos_folha_empresa_id.sql","true","1","missing","replay_ok","parcial","replay_ok_mas_ausente_do_ledger_e_schema_final_divergente"
"arquivo_local","357","20260712214644","20260712214644_fixup_audit_log_config_afastamentos_empresa_id.sql","true","1","missing","replay_ok","parcial","replay_ok_mas_ausente_do_ledger_e_schema_final_divergente"
"arquivo_local","358","20260712214656","20260712214656_80ed440d-8dda-45e8-8cce-f01554b6358c.sql","true","1","missing","replay_ok","parcial","replay_ok_mas_ausente_do_ledger_e_schema_final_divergente"
"arquivo_local","359","20260712214929","20260712214929_4971f364-3f69-48cd-9150-a55524b1025d.sql","true","1","missing","replay_ok","parcial","replay_ok_mas_ausente_do_ledger_e_schema_final_divergente"
"arquivo_local","360","20260712215450","20260712215450_e2abb65e-0d68-4000-9d1c-5fbda7a83e28.sql","true","1","missing","replay_ok","parcial","replay_ok_mas_ausente_do_ledger_e_schema_final_divergente"
"arquivo_local","361","20260712215539","20260712215539_349ae8a8-7ed9-41a5-b06c-ea4b8f35c7b5.sql","true","1","missing","replay_ok","parcial","replay_ok_mas_ausente_do_ledger_e_schema_final_divergente"
"arquivo_local","362","20260712215710","20260712215710_91ed0762-8b00-4882-be03-5c9c4e538690.sql","true","1","missing","replay_ok","parcial","replay_ok_mas_ausente_do_ledger_e_schema_final_divergente"
"arquivo_local","363","20260712215808","20260712215808_8c16ff4b-eb80-4fbb-a8c6-c15c62ed93c7.sql","true","1","missing","replay_ok","parcial","replay_ok_mas_ausente_do_ledger_e_schema_final_divergente"
"arquivo_local","364","20260712215942","20260712215942_0c45a861-8424-4178-936a-cae1ebe129b2.sql","true","1","missing","replay_ok","parcial","replay_ok_mas_ausente_do_ledger_e_schema_final_divergente"
"arquivo_local","365","20260712220109","20260712220109_357e7479-5b95-4775-b7c3-1287127f20b7.sql","true","1","missing","replay_ok","parcial","replay_ok_mas_ausente_do_ledger_e_schema_final_divergente"
"arquivo_local","366","20260712220248","20260712220248_803bf461-91a3-4d53-abd6-41fb5b5f0892.sql","true","1","missing","replay_ok","parcial","replay_ok_mas_ausente_do_ledger_e_schema_final_divergente"
"arquivo_local","367","20260712220352","20260712220352_9ea3a239-ab6f-4870-b7bb-55450abe468a.sql","true","1","missing","replay_ok","parcial","replay_ok_mas_ausente_do_ledger_e_schema_final_divergente"
"arquivo_local","368","20260712222151","20260712222151_51c839c6-b3da-4861-afdc-3000fbbfcd7e.sql","true","1","missing","replay_ok","parcial","replay_ok_mas_ausente_do_ledger_e_schema_final_divergente"
"arquivo_local","369","20260712222252","20260712222252_1d964bbd-0cff-41f7-9bcb-496036476e63.sql","true","1","missing","replay_ok","parcial","replay_ok_mas_ausente_do_ledger_e_schema_final_divergente"
"arquivo_local","370","20260712222434","20260712222434_9658add7-04b8-45e4-87fe-8524396ebd14.sql","true","1","missing","replay_ok","parcial","replay_ok_mas_ausente_do_ledger_e_schema_final_divergente"
"arquivo_local","371","20260712222525","20260712222525_efdf4704-8024-4e4a-8fd4-414856e9b4fe.sql","true","1","missing","replay_ok","parcial","replay_ok_mas_ausente_do_ledger_e_schema_final_divergente"
"arquivo_local","372","20260712222818","20260712222818_0ca2a3f1-2171-4072-bfce-14a5714f35e9.sql","true","1","missing","replay_ok","parcial","replay_ok_mas_ausente_do_ledger_e_schema_final_divergente"
"arquivo_local","373","20260712223051","20260712223051_0c34a43a-072a-4c06-8ff7-f2ac782d9041.sql","true","1","missing","replay_ok","parcial","replay_ok_mas_ausente_do_ledger_e_schema_final_divergente"
"arquivo_local","374","20260712231313","20260712231313_37a0c478-8c25-4b31-9428-f111211da33c.sql","true","1","missing","replay_ok","parcial","replay_ok_mas_ausente_do_ledger_e_schema_final_divergente"
"arquivo_local","375","20260712232250","20260712232250_7c362241-4abe-4970-956e-c985f2c1e683.sql","true","1","missing","replay_ok","parcial","replay_ok_mas_ausente_do_ledger_e_schema_final_divergente"
"arquivo_local","376","20260712232435","20260712232435_bef33079-3ce5-42b2-a05a-d9cbdfb9648b.sql","true","1","missing","replay_ok","parcial","replay_ok_mas_ausente_do_ledger_e_schema_final_divergente"
"arquivo_local","377","20260712232544","20260712232544_936c8e57-5bce-4539-80fa-e174ecf3ac9b.sql","true","1","missing","replay_ok","parcial","replay_ok_mas_ausente_do_ledger_e_schema_final_divergente"
"arquivo_local","378","20260713105424","20260713105424_c760e8ed-e7ec-4790-ad43-ceadf29673fc.sql","true","1","missing","replay_ok","parcial","replay_ok_mas_ausente_do_ledger_e_schema_final_divergente"
"arquivo_local","379","20260713105603","20260713105603_64ab5dcc-be95-4d7c-9c96-860adf72e2da.sql","true","1","missing","replay_ok","parcial","replay_ok_mas_ausente_do_ledger_e_schema_final_divergente"
"arquivo_local","380","20260713105906","20260713105906_3b3f8561-32fc-4118-9717-5ad41ece5aa5.sql","true","1","missing","replay_ok","parcial","replay_ok_mas_ausente_do_ledger_e_schema_final_divergente"
"arquivo_local","381","20260713110053","20260713110053_2154cbf4-e4c4-4863-9f2b-ca5a517c93de.sql","true","1","missing","replay_ok","parcial","replay_ok_mas_ausente_do_ledger_e_schema_final_divergente"
"arquivo_local","382","20260713124342","20260713124342_3f4be33a-2603-45eb-8719-65aa18ec19cc.sql","true","1","missing","replay_ok","parcial","replay_ok_mas_ausente_do_ledger_e_schema_final_divergente"
"arquivo_local","383","20260713124450","20260713124450_d32d86ab-f249-4220-90ed-9811269e96fd.sql","true","1","missing","replay_ok","parcial","replay_ok_mas_ausente_do_ledger_e_schema_final_divergente"
"arquivo_local","384","20260713124616","20260713124616_7ca546cf-4cfa-4fc5-b42e-3a06d1367387.sql","true","1","missing","replay_ok","parcial","replay_ok_mas_ausente_do_ledger_e_schema_final_divergente"
"arquivo_local","385","20260713124728","20260713124728_fc2bfdf0-5cb2-4318-b4d4-e4b1130bb95b.sql","true","1","missing","replay_ok","parcial","replay_ok_mas_ausente_do_ledger_e_schema_final_divergente"
"arquivo_local","386","20260713124926","20260713124926_a1152a5e-9744-4462-9fc2-f423c57445bb.sql","true","1","missing","replay_ok","parcial","replay_ok_mas_ausente_do_ledger_e_schema_final_divergente"
"arquivo_local","387","20260713125122","20260713125122_10586a25-75f3-4d51-a949-e4a59fded62e.sql","true","1","missing","replay_ok","parcial","replay_ok_mas_ausente_do_ledger_e_schema_final_divergente"
"arquivo_local","388","20260715135944","20260715135944_9b0fb2d4-9542-459f-856c-5848de0fa804.sql","true","1","missing","replay_ok","parcial","replay_ok_mas_ausente_do_ledger_e_schema_final_divergente"
"arquivo_local","389","20260715151049","20260715151049_efa5e879-fa50-4804-8056-d6c860761e86.sql","true","1","missing","replay_ok","parcial","replay_ok_mas_ausente_do_ledger_e_schema_final_divergente"
"arquivo_local","390","20260715154911","20260715154911_30dca9dd-27bf-46ba-a1c7-e1cb3923bf92.sql","true","1","missing","replay_ok","parcial","replay_ok_mas_ausente_do_ledger_e_schema_final_divergente"
"arquivo_local","391","20260715164505","20260715164505_1e130fc2-322b-456c-a2e9-951bc5f6abc8.sql","true","1","missing","replay_ok","parcial","replay_ok_mas_ausente_do_ledger_e_schema_final_divergente"
"arquivo_local","392","20260715173728","20260715173728_392ca7e2-2bbc-474b-8158-ccbc730c890b.sql","true","1","missing","replay_ok","parcial","replay_ok_mas_ausente_do_ledger_e_schema_final_divergente"
"arquivo_local","393","20260716175930","20260716175930_c7892081-2003-4c95-a887-57976b9e54ef.sql","true","1","missing","replay_ok","parcial","replay_ok_mas_ausente_do_ledger_e_schema_final_divergente"
"arquivo_local","394","20260717133719","20260717133719_0ecd2109-adf2-4d73-9e66-51e9608755e9.sql","true","1","missing","replay_ok","parcial","replay_ok_mas_ausente_do_ledger_e_schema_final_divergente"
"arquivo_local","395","20260717173733","20260717173733_6bde8bbd-bc8f-4f97-bbb8-6154dec14762.sql","true","1","missing","replay_ok","parcial","replay_ok_mas_ausente_do_ledger_e_schema_final_divergente"
"arquivo_local","396","20260717173808","20260717173808_15dfa21c-c3c9-4513-b7ad-5d11535a503d.sql","true","1","missing","replay_ok","parcial","replay_ok_mas_ausente_do_ledger_e_schema_final_divergente"
"arquivo_local","397","20260717174205","20260717174205_5f52b019-c350-47af-881e-54b3e2f56712.sql","true","1","missing","replay_ok","parcial","replay_ok_mas_ausente_do_ledger_e_schema_final_divergente"
"arquivo_local","398","20260717174243","20260717174243_c43a183e-0f71-42cd-9315-c1c0ed96d8a8.sql","true","1","missing","replay_ok","parcial","replay_ok_mas_ausente_do_ledger_e_schema_final_divergente"
"arquivo_local","399","20260717174811","20260717174811_1fedf63f-8379-4511-84f5-39441172d003.sql","true","1","missing","replay_ok","parcial","replay_ok_mas_ausente_do_ledger_e_schema_final_divergente"
"arquivo_local","400","20260717175126","20260717175126_5bd9a75c-b238-4140-8865-f10764a5ad68.sql","true","1","missing","replay_ok","parcial","replay_ok_mas_ausente_do_ledger_e_schema_final_divergente"
"arquivo_local","401","20260717175440","20260717175440_275a6375-a0ee-4349-99c8-7839f3316fd0.sql","true","1","missing","replay_ok","parcial","replay_ok_mas_ausente_do_ledger_e_schema_final_divergente"
"arquivo_local","402","20260717180202","20260717180202_adc46141-8b85-452b-9c05-a67e2a40c23f.sql","true","1","missing","replay_ok","parcial","replay_ok_mas_ausente_do_ledger_e_schema_final_divergente"
"arquivo_local","403","20260717181245","20260717181245_c017bf11-6176-48ea-bd8a-cd212c424617.sql","true","1","missing","replay_ok","parcial","replay_ok_mas_ausente_do_ledger_e_schema_final_divergente"
"arquivo_local","404","20260717181814","20260717181814_35436d1c-6b4d-4657-a038-2a3abf35d44a.sql","true","1","missing","replay_ok","parcial","replay_ok_mas_ausente_do_ledger_e_schema_final_divergente"
"arquivo_local","405","20260717182238","20260717182238_3ecc597a-1b95-4f4e-904d-48f5edd204cc.sql","true","1","missing","replay_ok","parcial","replay_ok_mas_ausente_do_ledger_e_schema_final_divergente"
"arquivo_local","406","20260717185207","20260717185207_78f95876-9b1b-4823-9b8e-fb239c27fc88.sql","true","1","missing","replay_ok","parcial","replay_ok_mas_ausente_do_ledger_e_schema_final_divergente"
"arquivo_local","407","20260717193052","20260717193052_200bcc63-2c75-402b-8511-8095e2ed32f9.sql","true","1","missing","replay_ok","parcial","replay_ok_mas_ausente_do_ledger_e_schema_final_divergente"
"arquivo_local","408","20260717193331","20260717193331_7b88a5fd-a759-445e-b55b-33f0d5653688.sql","true","1","missing","replay_ok","parcial","replay_ok_mas_ausente_do_ledger_e_schema_final_divergente"
"arquivo_local","409","20260717193547","20260717193547_e9a5e578-2f71-460e-8db3-ea203d722974.sql","true","1","missing","replay_ok","parcial","replay_ok_mas_ausente_do_ledger_e_schema_final_divergente"
"arquivo_local","410","20260717194148","20260717194148_be3ab915-fa3e-4ba9-a364-57b3c19fe8b9.sql","true","1","missing","replay_ok","parcial","replay_ok_mas_ausente_do_ledger_e_schema_final_divergente"
"arquivo_local","411","20260717194527","20260717194527_3aa7d1f8-6bfa-4dfc-8957-54dfdb8bb972.sql","true","1","missing","replay_ok","parcial","replay_ok_mas_ausente_do_ledger_e_schema_final_divergente"
"arquivo_local","412","20260717194940","20260717194940_d2dc0f6a-2cb4-4912-9095-3d76dc825718.sql","true","1","missing","replay_ok","parcial","replay_ok_mas_ausente_do_ledger_e_schema_final_divergente"
"arquivo_local","413","20260717195217","20260717195217_24203a95-6ec6-41db-8637-874cb06077d6.sql","true","1","missing","replay_ok","parcial","replay_ok_mas_ausente_do_ledger_e_schema_final_divergente"
"arquivo_local","414","20260717204215","20260717204215_bc0316bd-2e5f-40aa-9911-e8a35c667fc8.sql","true","1","missing","replay_ok","parcial","replay_ok_mas_ausente_do_ledger_e_schema_final_divergente"
"arquivo_local","415","20260717204547","20260717204547_385dd061-8f2e-4702-a27c-4ba5db960a78.sql","true","1","missing","replay_ok","parcial","replay_ok_mas_ausente_do_ledger_e_schema_final_divergente"
"arquivo_local","416","20260717205116","20260717205116_801fb7ef-21a5-4601-8da0-9f68d2854166.sql","true","1","missing","replay_ok","parcial","replay_ok_mas_ausente_do_ledger_e_schema_final_divergente"
"arquivo_local","417","20260717205327","20260717205327_cce7d685-004c-4ab1-8097-4bef28caa0f7.sql","true","1","missing","replay_ok","parcial","replay_ok_mas_ausente_do_ledger_e_schema_final_divergente"
"arquivo_local","418","20260718220000","20260718220000_rls_remediacao_auditoria.sql","true","1","missing","replay_ok","parcial","replay_ok_mas_ausente_do_ledger_e_schema_final_divergente"
"arquivo_local","419","20260718230000","20260718230000_admin_role_management_rpc.sql","true","1","missing","replay_ok","parcial","replay_ok_mas_ausente_do_ledger_e_schema_final_divergente"
"arquivo_local","420","20260719000000","20260719000000_bloqueio_pagamento_rescisao_lgpd.sql","true","1","missing","replay_ok","parcial","replay_ok_mas_ausente_do_ledger_e_schema_final_divergente"
"arquivo_local","421","20260719100000","20260719100000_rls_tenant_scope_critical_tables.sql","true","1","missing","replay_ok","parcial","replay_ok_mas_ausente_do_ledger_e_schema_final_divergente"
"arquivo_local","422","20260719120000","20260719120000_rls_fix_public_access_batch2.sql","true","1","missing","replay_ok","parcial","replay_ok_mas_ausente_do_ledger_e_schema_final_divergente"
"arquivo_local","423","20260719140000","20260719140000_performance_indexes_security_critical.sql","true","1","missing","replay_ok","parcial","replay_ok_mas_ausente_do_ledger_e_schema_final_divergente"
"arquivo_local","424","20260719150000","20260719150000_storage_bucket_security_hardening.sql","true","1","missing","replay_ok","parcial","replay_ok_mas_ausente_do_ledger_e_schema_final_divergente"
"arquivo_local","425","20260719160000","20260719160000_security_hardening_audit_retention.sql","true","1","missing","replay_ok","parcial","replay_ok_mas_ausente_do_ledger_e_schema_final_divergente"
"arquivo_local","426","20260719170000","20260719170000_security_indexes_constraints.sql","true","1","missing","replay_ok","parcial","replay_ok_mas_ausente_do_ledger_e_schema_final_divergente"
"arquivo_local","427","20260719180000","20260719180000_security_data_retention_policies.sql","true","1","missing","replay_ok","parcial","replay_ok_mas_ausente_do_ledger_e_schema_final_divergente"
"arquivo_local","428","20260719190000","20260719190000_audit_delete_trigger.sql","true","1","missing","replay_ok","parcial","replay_ok_mas_ausente_do_ledger_e_schema_final_divergente"
"arquivo_local","429","20260719191000","20260719191000_empresa_id_not_null_constraints.sql","true","1","missing","replay_ok","parcial","replay_ok_mas_ausente_do_ledger_e_schema_final_divergente"
"arquivo_local","430","20260719192000","20260719192000_account_lockout_policy.sql","true","1","missing","replay_ok","parcial","replay_ok_mas_ausente_do_ledger_e_schema_final_divergente"
"arquivo_local","431","20260719193000","20260719193000_security_monitoring_views.sql","true","1","missing","replay_ok","parcial","replay_ok_mas_ausente_do_ledger_e_schema_final_divergente"
"arquivo_local","432","20260719200000","20260719200000_fix_desligamentos_rls_tenant_isolation.sql","true","1","missing","replay_ok","parcial","replay_ok_mas_ausente_do_ledger_e_schema_final_divergente"
"arquivo_local","433","20260719210000","20260719210000_add_frontend_log_function.sql","true","1","missing","replay_ok","parcial","replay_ok_mas_ausente_do_ledger_e_schema_final_divergente"
"arquivo_local","434","20260719220000","20260719220000_atomic_ponto_cnab_sequence.sql","true","1","missing","replay_ok","parcial","replay_ok_mas_ausente_do_ledger_e_schema_final_divergente"
"arquivo_local","435","20260719230000","20260719230000_fix_rls_rubricas_eventos_variaveis.sql","true","1","missing","replay_ok","parcial","replay_ok_mas_ausente_do_ledger_e_schema_final_divergente"
"arquivo_local","436","20260719240000","20260719240000_fix_rls_batch3_remaining_tables.sql","false","1","missing","replay_ok","parcial","replay_ok_mas_ausente_do_ledger_e_schema_final_divergente"
"arquivo_local","437","20260720010000","20260720010000_update_frontend_log_rpc.sql","true","1","missing","replay_ok","parcial","replay_ok_mas_ausente_do_ledger_e_schema_final_divergente"
"arquivo_local","438","20260720020000","20260720020000_add_empresa_id_periodos_aquisitivos.sql","true","1","missing","replay_ok","parcial","replay_ok_mas_ausente_do_ledger_e_schema_final_divergente"
"arquivo_local","439","20260720030000","20260720030000_add_empresa_id_tenant_tables.sql","true","1","missing","replay_ok","parcial","replay_ok_mas_ausente_do_ledger_e_schema_final_divergente"
"arquivo_local","440","20260720040000","20260720040000_fix_jornada_fk_ordering.sql","true","1","missing","replay_ok","parcial","replay_ok_mas_ausente_do_ledger_e_schema_final_divergente"
"arquivo_local","441","20260721204519","20260721204519_2cb3dd62-2499-4b2c-8ea5-380ef36e38bc.sql","true","1","missing","replay_ok","parcial","replay_ok_mas_ausente_do_ledger_e_schema_final_divergente"
"arquivo_local","442","20260721223652","20260721223652_dcc3f52d-83f3-464f-ac57-9fedb9f70019.sql","true","1","missing","replay_ok","parcial","replay_ok_mas_ausente_do_ledger_e_schema_final_divergente"
"arquivo_local","443","20260722100550","20260722100550_42c8e423-765c-403e-b77b-7f80dfc5334f.sql","true","1","missing","replay_ok","parcial","replay_ok_mas_ausente_do_ledger_e_schema_final_divergente"
"arquivo_local","444","20260722101753","20260722101753_35b6be04-0274-4e97-986f-1e45f18286ed.sql","true","1","missing","replay_ok","parcial","replay_ok_mas_ausente_do_ledger_e_schema_final_divergente"
"arquivo_local","445","20260722125517","20260722125517_cff5516f-c9c4-40b4-ba86-d83b86e52fcc.sql","true","1","missing","replay_ok","parcial","replay_ok_mas_ausente_do_ledger_e_schema_final_divergente"
"arquivo_local","446","20260722150652","20260722150652_14efc847-d702-45a1-8f00-f36e97212a8e.sql","true","1","missing","replay_ok","parcial","replay_ok_mas_ausente_do_ledger_e_schema_final_divergente"
"arquivo_local","447","20260722150821","20260722150821_90068dd3-c560-41f1-bd55-09da10f2a0d3.sql","true","1","missing","replay_ok","parcial","replay_ok_mas_ausente_do_ledger_e_schema_final_divergente"
"arquivo_local","448","20260722155515","20260722155515_18ed8ca3-00c7-4498-a22c-617bc764611c.sql","true","1","missing","replay_ok","parcial","replay_ok_mas_ausente_do_ledger_e_schema_final_divergente"
"arquivo_local","449","20260722155629","20260722155629_b153baf5-7c68-4baa-9dab-8b4d53ab97f5.sql","true","1","missing","replay_ok","parcial","replay_ok_mas_ausente_do_ledger_e_schema_final_divergente"
"arquivo_local","450","20260722195737","20260722195737_d1d6c040-e33c-44c1-bbf0-c78223d3fc90.sql","true","1","missing","replay_ok","parcial","replay_ok_mas_ausente_do_ledger_e_schema_final_divergente"
"arquivo_local","451","20260722195800","20260722195800_fix_ferias_add_periodo_aquisitivo_id.sql","true","1","missing","replay_ok","parcial","replay_ok_mas_ausente_do_ledger_e_schema_final_divergente"
"arquivo_local","452","20260722195821","20260722195821_2cbd9e27-a488-4aa1-ae80-550203e28f1d.sql","true","1","missing","replay_ok","parcial","replay_ok_mas_ausente_do_ledger_e_schema_final_divergente"
"arquivo_local","453","20260722195850","20260722195850_backfill_ferias_periodo_aquisitivo_id.sql","true","1","missing","replay_ok","parcial","replay_ok_mas_ausente_do_ledger_e_schema_final_divergente"
"arquivo_local","454","20260722195902","20260722195902_d2e87d05-b9c0-4539-92e4-a93962868530.sql","true","1","missing","replay_ok","parcial","replay_ok_mas_ausente_do_ledger_e_schema_final_divergente"
"arquivo_local","455","20260722195951","20260722195951_7d493333-193e-4c56-8e76-b7bbbcd65e83.sql","true","1","missing","replay_ok","parcial","replay_ok_mas_ausente_do_ledger_e_schema_final_divergente"
"arquivo_local","456","20260722200030","20260722200030_593707e2-4151-4f99-9c9e-9e346683d093.sql","true","1","missing","replay_ok","parcial","replay_ok_mas_ausente_do_ledger_e_schema_final_divergente"
"arquivo_local","457","20260722200130","20260722200130_0807a971-868e-4de4-8286-a4492fed8656.sql","true","1","missing","replay_ok","parcial","replay_ok_mas_ausente_do_ledger_e_schema_final_divergente"
"arquivo_local","458","20260722200247","20260722200247_43a478b2-2cb5-4d58-817b-9c86ff8d80e3.sql","true","1","missing","replay_ok","parcial","replay_ok_mas_ausente_do_ledger_e_schema_final_divergente"
"arquivo_local","459","20260723100640","20260723100640_4128fdf3-5b37-4921-a5e6-9b7b981028e1.sql","true","1","missing","replay_ok","parcial","replay_ok_mas_ausente_do_ledger_e_schema_final_divergente"
"arquivo_local","460","20260723104000","20260723104000_77b7944b-a241-45df-86b6-823ac17eb5cf.sql","true","1","missing","replay_ok","parcial","replay_ok_mas_ausente_do_ledger_e_schema_final_divergente"
"arquivo_local","461","20260723104455","20260723104455_e2184a04-0cfe-4ed3-9f3c-88acf0cee609.sql","true","1","missing","replay_ok","parcial","replay_ok_mas_ausente_do_ledger_e_schema_final_divergente"
"arquivo_local","462","20260723112647","20260723112647_68130105-b66a-48de-b25a-5c3558e72745.sql","true","1","missing","replay_ok","parcial","replay_ok_mas_ausente_do_ledger_e_schema_final_divergente"
"arquivo_local","463","20260723113000","20260723113000_create_ferias_avisos_bucket.sql","true","1","missing","replay_ok","parcial","replay_ok_mas_ausente_do_ledger_e_schema_final_divergente"
"arquivo_local","464","20260723120853","20260723120853_5f0b855d-6703-4cda-836a-d929e4729ee7.sql","true","1","missing","replay_ok","parcial","replay_ok_mas_ausente_do_ledger_e_schema_final_divergente"
"arquivo_local","465","20260723121050","20260723121050_fix_notificacoes_add_entidade_columns.sql","true","1","missing","replay_ok","parcial","replay_ok_mas_ausente_do_ledger_e_schema_final_divergente"
"arquivo_local","466","20260723121100","20260723121100_ab96c1dd-5f9e-48e3-8540-f31915b8a419.sql","true","1","missing","replay_ok","parcial","replay_ok_mas_ausente_do_ledger_e_schema_final_divergente"
"arquivo_local","467","20260723121138","20260723121138_d3e5d7cb-cc63-4b54-94cf-beb6b09300ad.sql","true","1","missing","replay_ok","parcial","replay_ok_mas_ausente_do_ledger_e_schema_final_divergente"
"arquivo_local","468","20260723121506","20260723121506_bc06ea32-c30c-4221-9de0-aaa4ba915e8a.sql","true","1","missing","replay_ok","parcial","replay_ok_mas_ausente_do_ledger_e_schema_final_divergente"
"arquivo_local","469","20260723121523","20260723121523_19715230-ef57-4c17-8575-746b28c53aea.sql","true","1","missing","replay_ok","parcial","replay_ok_mas_ausente_do_ledger_e_schema_final_divergente"
"arquivo_local","470","20260723121707","20260723121707_870e91de-7a93-402f-bec3-c6ee3f083456.sql","true","1","missing","replay_ok","parcial","replay_ok_mas_ausente_do_ledger_e_schema_final_divergente"
"arquivo_local","471","20260723121720","20260723121720_fix_ferias_add_financial_columns.sql","true","1","missing","replay_ok","parcial","replay_ok_mas_ausente_do_ledger_e_schema_final_divergente"
"arquivo_local","472","20260723121733","20260723121733_01703305-7d9d-4116-ad57-1fdfd09bd900.sql","true","1","missing","replay_ok","parcial","replay_ok_mas_ausente_do_ledger_e_schema_final_divergente"
"arquivo_local","473","20260723122004","20260723122004_a4ca3997-6386-4cc6-b575-576a9434188d.sql","true","1","missing","replay_ok","parcial","replay_ok_mas_ausente_do_ledger_e_schema_final_divergente"
"arquivo_local","474","20260723122258","20260723122258_031174ca-7d85-4113-bd78-3904fa799ba7.sql","true","1","missing","replay_ok","parcial","replay_ok_mas_ausente_do_ledger_e_schema_final_divergente"
"arquivo_local","475","20260723123724","20260723123724_8ddc1fd5-3f13-4300-a3b0-7252e47bd6a7.sql","true","1","missing","replay_ok","parcial","replay_ok_mas_ausente_do_ledger_e_schema_final_divergente"
"arquivo_local","476","20260723130000","20260723130000_fix_ferias_prog_coletivas_audit_bucket_priv.sql","true","1","missing","replay_ok","parcial","replay_ok_mas_ausente_do_ledger_e_schema_final_divergente"
"arquivo_local","477","20260723131308","20260723131308_9ce49b12-6741-430d-8799-7b15f8f5bd6a.sql","true","1","missing","replay_ok","parcial","replay_ok_mas_ausente_do_ledger_e_schema_final_divergente"
"arquivo_local","478","20260723131353","20260723131353_16a1d8a2-b8a1-4e4b-914a-8b041e619b1a.sql","true","1","missing","replay_ok","parcial","replay_ok_mas_ausente_do_ledger_e_schema_final_divergente"
"arquivo_local","479","20260723132038","20260723132038_ae3826cf-5c15-4734-83d7-4cded0187f59.sql","true","1","missing","replay_ok","parcial","replay_ok_mas_ausente_do_ledger_e_schema_final_divergente"
"arquivo_local","480","20260723132449","20260723132449_b52999aa-8472-4e61-bd80-79446dadcbae.sql","true","1","missing","replay_ok","parcial","replay_ok_mas_ausente_do_ledger_e_schema_final_divergente"
"arquivo_local","481","20260723132513","20260723132513_eb0c4824-22b7-4e0a-990d-9c26e7f7e27a.sql","true","1","missing","replay_ok","parcial","replay_ok_mas_ausente_do_ledger_e_schema_final_divergente"
"arquivo_local","482","20260723140000","20260723140000_fix_fprog_unique_nulls_not_distinct.sql","true","1","missing","replay_ok","parcial","replay_ok_mas_ausente_do_ledger_e_schema_final_divergente"
"arquivo_local","483","20260723144527","20260723144527_fb44f2dd-b72b-4eda-887c-50447d75b2b0.sql","true","1","missing","replay_ok","parcial","replay_ok_mas_ausente_do_ledger_e_schema_final_divergente"
"arquivo_local","484","20260723145602","20260723145602_c2a61f2e-7f49-48f4-9c44-b2fec580f43f.sql","true","1","missing","replay_ok","parcial","replay_ok_mas_ausente_do_ledger_e_schema_final_divergente"
"arquivo_local","485","20260723150213","20260723150213_fc3a2a61-bdf1-4e5f-ad3b-b1da5024d07a.sql","true","1","missing","replay_ok","parcial","replay_ok_mas_ausente_do_ledger_e_schema_final_divergente"
"arquivo_local","486","20260723150455","20260723150455_b5f5d45f-981e-4a16-987d-15a9eaf72c51.sql","true","1","missing","replay_ok","parcial","replay_ok_mas_ausente_do_ledger_e_schema_final_divergente"
"arquivo_local","487","20260723150715","20260723150715_9960ac3c-74a8-4af5-99b7-327c3563110d.sql","true","1","missing","replay_ok","parcial","replay_ok_mas_ausente_do_ledger_e_schema_final_divergente"
"arquivo_local","488","20260723151659","20260723151659_7466dc0b-8fe3-439a-b75f-c397a7a28540.sql","true","1","missing","replay_ok","parcial","replay_ok_mas_ausente_do_ledger_e_schema_final_divergente"
"arquivo_local","489","20260723152056","20260723152056_ad490897-6464-4f4c-86d0-e92a52a658f9.sql","true","1","missing","replay_ok","parcial","replay_ok_mas_ausente_do_ledger_e_schema_final_divergente"
"arquivo_local","490","20260723152225","20260723152225_9d987366-422e-479d-a42f-505771f937bf.sql","true","1","missing","replay_ok","parcial","replay_ok_mas_ausente_do_ledger_e_schema_final_divergente"
"arquivo_local","491","20260723152400","20260723152400_fix_create_ciencia_rate_limits.sql","true","1","missing","replay_ok","parcial","replay_ok_mas_ausente_do_ledger_e_schema_final_divergente"
"arquivo_local","492","20260723152450","20260723152450_a21491db-9371-4ffd-b928-f6ea93569f2e.sql","true","1","missing","replay_ok","parcial","replay_ok_mas_ausente_do_ledger_e_schema_final_divergente"
"arquivo_local","493","20260723152556","20260723152556_1aca4f77-6c8d-4406-b589-a247d41458e3.sql","true","1","missing","replay_ok","parcial","replay_ok_mas_ausente_do_ledger_e_schema_final_divergente"
"arquivo_local","494","20260723153630","20260723153630_589ecf53-494d-4834-9e63-d6f4fa1c7822.sql","true","1","missing","replay_ok","parcial","replay_ok_mas_ausente_do_ledger_e_schema_final_divergente"
"arquivo_local","495","20260723170000","20260723170000_fix_contratos_clt_trigger_e_revogado_em.sql","true","1","missing","replay_ok","parcial","replay_ok_mas_ausente_do_ledger_e_schema_final_divergente"
"arquivo_local","496","20260723180000","20260723180000_fix_bugs_bot_migs_b1_b2_b3_b7.sql","true","1","missing","replay_ok","parcial","replay_ok_mas_ausente_do_ledger_e_schema_final_divergente"
"arquivo_local","497","20260723190000","20260723190000_fix_clt_trigger_cadeia_prorrogacao.sql","true","1","missing","replay_ok","parcial","replay_ok_mas_ausente_do_ledger_e_schema_final_divergente"
"arquivo_local","498","20260723200000","20260723200000_fix_m8_column_names_assinado.sql","true","1","missing","replay_ok","parcial","replay_ok_mas_ausente_do_ledger_e_schema_final_divergente"
"arquivo_local","499","20260723210000","20260723210000_fix_verif_auth_v2_ip_inet.sql","true","1","missing","replay_ok","parcial","replay_ok_mas_ausente_do_ledger_e_schema_final_divergente"
"arquivo_local","500","20260723220000","20260723220000_fix_ciencia_rate_limits_index_retry.sql","true","1","missing","replay_ok","parcial","replay_ok_mas_ausente_do_ledger_e_schema_final_divergente"
"arquivo_local","501","20260724000100","20260724000100_security_delete_hardcoded_test_user.sql","true","1","missing","replay_ok","parcial","replay_ok_mas_ausente_do_ledger_e_schema_final_divergente"
"arquivo_local","502","20260724000200","20260724000200_fix_desligamentos_empresa_id_not_null.sql","true","1","missing","replay_ok","parcial","replay_ok_mas_ausente_do_ledger_e_schema_final_divergente"
"arquivo_local","503","20260724000300","20260724000300_fix_afastamentos_dias_total_generated.sql","true","1","missing","replay_ok","parcial","replay_ok_mas_ausente_do_ledger_e_schema_final_divergente"
"arquivo_local","504","20260724000400","20260724000400_fix_jornadas_missing_business_columns.sql","true","1","missing","replay_ok","parcial","replay_ok_mas_ausente_do_ledger_e_schema_final_divergente"
"arquivo_local","505","20260724000500","20260724000500_fix_faltas_status_default.sql","true","1","missing","replay_ok","parcial","replay_ok_mas_ausente_do_ledger_e_schema_final_divergente"
"arquivo_local","506","20260724000600","20260724000600_fix_audit_logs_rls_empresa_isolation.sql","true","1","missing","replay_ok","parcial","replay_ok_mas_ausente_do_ledger_e_schema_final_divergente"
"arquivo_local","507","20260724000700","20260724000700_fix_rls_recrutamento_onboarding.sql","true","1","missing","replay_ok","parcial","replay_ok_mas_ausente_do_ledger_e_schema_final_divergente"
"arquivo_local","508","20260724000800","20260724000800_fix_turnos_missing_business_columns.sql","true","1","missing","replay_ok","parcial","replay_ok_mas_ausente_do_ledger_e_schema_final_divergente"
"arquivo_local","509","20260724000900","20260724000900_fix_rls_atrasos_adicionais_gratificacoes.sql","true","1","missing","replay_ok","parcial","replay_ok_mas_ausente_do_ledger_e_schema_final_divergente"
"arquivo_local","510","20260724001000","20260724001000_fix_dependentes_missing_para_columns.sql","true","1","missing","replay_ok","parcial","replay_ok_mas_ausente_do_ledger_e_schema_final_divergente"
"arquivo_local","511","20260724001100","20260724001100_fix_escalas_missing_business_columns.sql","true","1","missing","replay_ok","parcial","replay_ok_mas_ausente_do_ledger_e_schema_final_divergente"
"arquivo_local","512","20260724001200","20260724001200_fix_faltas_tipo_default_and_constraint.sql","true","1","missing","replay_ok","parcial","replay_ok_mas_ausente_do_ledger_e_schema_final_divergente"
"arquivo_local","513","20260724001300","20260724001300_fix_audit_log_acao_constraint.sql","true","1","missing","replay_ok","parcial","replay_ok_mas_ausente_do_ledger_e_schema_final_divergente"
"arquivo_local","514","20260724001400","20260724001400_fix_jornadas_horarios_rls.sql","true","1","missing","replay_ok","parcial","replay_ok_mas_ausente_do_ledger_e_schema_final_divergente"
"arquivo_local","515","20260724001500","20260724001500_fix_treinamento_rls_cross_tenant.sql","true","1","missing","replay_ok","parcial","replay_ok_mas_ausente_do_ledger_e_schema_final_divergente"
"arquivo_local","516","20260724001600","20260724001600_fix_turnos_ativo_column.sql","true","1","missing","replay_ok","parcial","replay_ok_mas_ausente_do_ledger_e_schema_final_divergente"
"arquivo_local","517","20260724001700","20260724001700_fix_escalas_trabalho_missing_indexes.sql","true","1","missing","replay_ok","parcial","replay_ok_mas_ausente_do_ledger_e_schema_final_divergente"
"arquivo_local","518","20260724001800","20260724001800_fix_ativo_boolean_payroll_tables.sql","true","1","missing","replay_ok","parcial","replay_ok_mas_ausente_do_ledger_e_schema_final_divergente"
"arquivo_local","519","20260724001900","20260724001900_fix_comissoes_rls_cross_tenant.sql","true","1","missing","replay_ok","parcial","replay_ok_mas_ausente_do_ledger_e_schema_final_divergente"
"arquivo_local","520","20260724002000","20260724002000_fix_jornadas_turnos_nome_not_null.sql","true","1","missing","replay_ok","parcial","replay_ok_mas_ausente_do_ledger_e_schema_final_divergente"
"arquivo_local","521","20260724002100","20260724002100_fix_rls_remaining_cross_tenant_tables.sql","true","1","missing","replay_ok","parcial","replay_ok_mas_ausente_do_ledger_e_schema_final_divergente"
"arquivo_local","522","20260724002200","20260724002200_fix_treinamentos_missing_columns.sql","true","1","missing","replay_ok","parcial","replay_ok_mas_ausente_do_ledger_e_schema_final_divergente"
"arquivo_local","523","20260724002300","20260724002300_fix_pensoes_missing_business_columns.sql","true","1","missing","replay_ok","parcial","replay_ok_mas_ausente_do_ledger_e_schema_final_divergente"
"arquivo_local","524","20260724002400","20260724002400_fix_emprestimos_consignados_missing_columns.sql","true","1","missing","replay_ok","parcial","replay_ok_mas_ausente_do_ledger_e_schema_final_divergente"
"arquivo_local","525","20260724002500","20260724002500_fix_adiantamentos_salariais_rls_cross_tenant.sql","true","1","missing","replay_ok","parcial","replay_ok_mas_ausente_do_ledger_e_schema_final_divergente"
"arquivo_local","526","20260724002600","20260724002600_fix_asos_missing_business_columns.sql","true","1","missing","replay_ok","parcial","replay_ok_mas_ausente_do_ledger_e_schema_final_divergente"
"arquivo_local","527","20260724002700","20260724002700_fix_epis_missing_business_columns.sql","true","1","missing","replay_ok","parcial","replay_ok_mas_ausente_do_ledger_e_schema_final_divergente"
"arquivo_local","528","20260724002800","20260724002800_fix_guias_fgts_inss_missing_competencia.sql","true","1","missing","replay_ok","parcial","replay_ok_mas_ausente_do_ledger_e_schema_final_divergente"
"arquivo_local","529","20260724100000","20260724100000_p3_054_mv_telemetry_dashboard.sql","true","1","missing","falhou","obsoleta","falha_SQLSTATE_42703_coluna_bytes_sent_inexistente"
"arquivo_local","530","20260724110000","20260724110000_p3_057_v_login_anomalies.sql","true","1","missing","nao_alcancada","ausente","ausente_do_ledger_e_nao_executada_apos_primeira_falha"
"arquivo_local","531","20260724120000","20260724120000_atomic_rate_limit_rpc.sql","true","2","missing","nao_alcancada","parcial","versao_duplicada_impede_rastreabilidade_por_arquivo"
"arquivo_local","532","20260724120000","20260724120000_p3_064_query_telemetry_trace_id.sql","true","2","missing","nao_alcancada","parcial","versao_duplicada_impede_rastreabilidade_por_arquivo"
"arquivo_local","533","20260724130000","20260724130000_codex_p1_function_overload_and_auth_gap.sql","true","2","missing","nao_alcancada","parcial","versao_duplicada_impede_rastreabilidade_por_arquivo"
"arquivo_local","534","20260724130000","20260724130000_p3_065_lgpd_retencao_purge.sql","true","2","missing","nao_alcancada","parcial","versao_duplicada_impede_rastreabilidade_por_arquivo"
"arquivo_local","535","20260724130001","20260724130001_p3_065b_retencao_indices.sql","true","1","missing","nao_alcancada","ausente","ausente_do_ledger_e_nao_executada_apos_primeira_falha"
"arquivo_local","536","20260724140000","20260724140000_p4_072_mv_dashboards.sql","true","2","missing","nao_alcancada","parcial","versao_duplicada_impede_rastreabilidade_por_arquivo"
"arquivo_local","537","20260724140000","20260724140000_t007_backup_logs_rls.sql","true","2","missing","nao_alcancada","parcial","versao_duplicada_impede_rastreabilidade_por_arquivo"
"arquivo_local","538","20260724150000","20260724150000_t008_storage_tenant_path_scope.sql","true","1","missing","nao_alcancada","ausente","ausente_do_ledger_e_nao_executada_apos_primeira_falha"
"arquivo_local","539","20260725100000","20260725100000_p3_060_backup_logs.sql","true","1","missing","nao_alcancada","ausente","ausente_do_ledger_e_nao_executada_apos_primeira_falha"
"arquivo_local","540","20260725120000","20260725120000_p4_071_compound_indexes.sql","true","1","missing","nao_alcancada","ausente","ausente_do_ledger_e_nao_executada_apos_primeira_falha"
"arquivo_local","541","20260725130000","20260725130000_p5_077_passivo_trabalhista.sql","true","1","missing","nao_alcancada","ausente","ausente_do_ledger_e_nao_executada_apos_primeira_falha"
"arquivo_local","542","20260726100000","20260726100000_p1_025_encryption_pgcrypto.sql","true","1","missing","nao_alcancada","ausente","ausente_do_ledger_e_nao_executada_apos_primeira_falha"
"arquivo_local","543","20260726110000","20260726110000_p2_037_consolidate_duplicates.sql","true","1","missing","nao_alcancada","ausente","ausente_do_ledger_e_nao_executada_apos_primeira_falha"
"arquivo_local","544","20260726120000","20260726120000_p4_068_connection_pooling.sql","true","1","missing","nao_alcancada","ausente","ausente_do_ledger_e_nao_executada_apos_primeira_falha"
"arquivo_local","545","20260728172359","20260728172359_1df12741-473a-4e8d-92cd-7b0821eb4203.sql","true","1","missing","nao_alcancada","ausente","ausente_do_ledger_e_nao_executada_apos_primeira_falha"
"arquivo_local","546","20260728172430","20260728172430_b925f25f-6427-42f4-b36d-21ba5067f2c9.sql","true","1","missing","nao_alcancada","ausente","ausente_do_ledger_e_nao_executada_apos_primeira_falha"
"arquivo_local","547","20260728172649","20260728172649_ea6ac4f5-f800-4ada-af20-68ad66c53afa.sql","true","1","missing","nao_alcancada","ausente","ausente_do_ledger_e_nao_executada_apos_primeira_falha"
"arquivo_local","548","20260728172754","20260728172754_24c29f77-4e55-46a6-be26-75b319a2aacd.sql","true","1","missing","nao_alcancada","ausente","ausente_do_ledger_e_nao_executada_apos_primeira_falha"
"arquivo_local","549","20260728175703","20260728175703_fffdb2d1-ed5f-41a3-8a72-bcd13809d581.sql","true","1","missing","nao_alcancada","ausente","ausente_do_ledger_e_nao_executada_apos_primeira_falha"
"arquivo_local","550","20260728175807","20260728175807_7e07b595-24a3-4d07-a361-45daedacd333.sql","true","1","missing","nao_alcancada","ausente","ausente_do_ledger_e_nao_executada_apos_primeira_falha"
"arquivo_local","551","20260728180022","20260728180022_cb954a0b-8458-4bf3-ac52-8bb9a44f65ea.sql","true","1","missing","nao_alcancada","ausente","ausente_do_ledger_e_nao_executada_apos_primeira_falha"
"arquivo_local","552","20260728180353","20260728180353_8aa2e680-c495-4784-8f95-0dddd27bc56e.sql","true","1","missing","nao_alcancada","ausente","ausente_do_ledger_e_nao_executada_apos_primeira_falha"
"arquivo_local","553","20260728183134","20260728183134_95da6131-3024-4af7-a655-448cdb2f6c97.sql","true","1","missing","nao_alcancada","ausente","ausente_do_ledger_e_nao_executada_apos_primeira_falha"
"arquivo_local","554","20260728192830","20260728192830_78f86869-fb0b-4d26-8579-0ec6c708f6ad.sql","true","1","missing","nao_alcancada","ausente","ausente_do_ledger_e_nao_executada_apos_primeira_falha"
"arquivo_local","555","20260728201706","20260728201706_6b7dbce4-e845-45f4-b1bb-95803c272c0c.sql","true","1","missing","nao_alcancada","ausente","ausente_do_ledger_e_nao_executada_apos_primeira_falha"
"arquivo_local","556","20260728201822","20260728201822_9bf08a18-b8de-4fe1-809e-b1800d79d3e9.sql","true","1","missing","nao_alcancada","ausente","ausente_do_ledger_e_nao_executada_apos_primeira_falha"
"arquivo_local","557","20260728201936","20260728201936_a60ec8d7-e4af-4169-a0eb-8511e6c2b401.sql","true","1","missing","nao_alcancada","ausente","ausente_do_ledger_e_nao_executada_apos_primeira_falha"
"arquivo_local","558","20260728202022","20260728202022_d5734d3c-0cee-4ce6-98f0-469e5f0536ec.sql","true","1","missing","nao_alcancada","ausente","ausente_do_ledger_e_nao_executada_apos_primeira_falha"
"arquivo_local","559","20260728204011","20260728204011_c0ad188c-d31a-436b-b954-92321f2a6fb4.sql","true","1","missing","nao_alcancada","ausente","ausente_do_ledger_e_nao_executada_apos_primeira_falha"
"arquivo_local","560","20260728204043","20260728204043_b695e197-12a0-4ec5-a1d4-9a1acf705c49.sql","true","1","missing","nao_alcancada","ausente","ausente_do_ledger_e_nao_executada_apos_primeira_falha"
"arquivo_local","561","20260728204123","20260728204123_9ec83f4d-ddf8-4c37-9300-1567a812b4b9.sql","true","1","missing","nao_alcancada","ausente","ausente_do_ledger_e_nao_executada_apos_primeira_falha"
"arquivo_local","562","20260728204152","20260728204152_28bae2b7-ac7d-409c-bf7a-3541de96469a.sql","true","1","missing","nao_alcancada","ausente","ausente_do_ledger_e_nao_executada_apos_primeira_falha"
"arquivo_local","563","20260728204241","20260728204241_b74bae59-fbc3-443c-91eb-1ffb3a54c1b9.sql","true","1","missing","nao_alcancada","ausente","ausente_do_ledger_e_nao_executada_apos_primeira_falha"
"arquivo_local","564","20260728204353","20260728204353_15acc7ff-65a2-45bb-9c10-972112bb1f43.sql","true","1","missing","nao_alcancada","ausente","ausente_do_ledger_e_nao_executada_apos_primeira_falha"
"arquivo_local","565","20260728205201","20260728205201_46043d7d-ad3b-4149-92c1-fb6938224570.sql","true","1","missing","nao_alcancada","ausente","ausente_do_ledger_e_nao_executada_apos_primeira_falha"
"arquivo_local","566","20260728205410","20260728205410_53e17901-0f16-4404-8214-c1ae721d53a5.sql","true","1","missing","nao_alcancada","ausente","ausente_do_ledger_e_nao_executada_apos_primeira_falha"
"arquivo_local","567","20260728205814","20260728205814_184878ad-cf8c-4222-b6a5-c39e35e48b30.sql","true","1","missing","nao_alcancada","ausente","ausente_do_ledger_e_nao_executada_apos_primeira_falha"
"arquivo_local","568","20260728210422","20260728210422_479fe569-dd0a-43e5-a2e2-b7f5e57ca734.sql","true","1","missing","nao_alcancada","ausente","ausente_do_ledger_e_nao_executada_apos_primeira_falha"
"arquivo_local","569","20260728211205","20260728211205_a28ef2b6-9ee7-404a-b10f-4d3e1e6b1c6a.sql","true","1","missing","nao_alcancada","ausente","ausente_do_ledger_e_nao_executada_apos_primeira_falha"
"arquivo_local","570","20260728211713","20260728211713_d223051d-9d7d-44a2-b978-a9d7487f9205.sql","true","1","missing","nao_alcancada","ausente","ausente_do_ledger_e_nao_executada_apos_primeira_falha"
"arquivo_local","571","20260728211946","20260728211946_06eaac5a-d1ee-433e-aa2b-3d5ff68805b9.sql","true","1","missing","nao_alcancada","ausente","ausente_do_ledger_e_nao_executada_apos_primeira_falha"
"arquivo_local","572","20260728212701","20260728212701_f6a40d30-9f48-444d-a6e5-c23f9d3a1e96.sql","true","1","missing","nao_alcancada","ausente","ausente_do_ledger_e_nao_executada_apos_primeira_falha"
"arquivo_local","573","20260728212809","20260728212809_45876acb-7588-4c37-be3b-c712de457b5e.sql","true","1","missing","nao_alcancada","ausente","ausente_do_ledger_e_nao_executada_apos_primeira_falha"
"arquivo_local","574","20260728212903","20260728212903_3252140f-7caa-4269-a9bd-65887e078381.sql","true","1","missing","nao_alcancada","ausente","ausente_do_ledger_e_nao_executada_apos_primeira_falha"
"arquivo_local","575","20260728212954","20260728212954_f94dbe91-75ed-4633-a21d-089630e1859c.sql","true","1","missing","nao_alcancada","ausente","ausente_do_ledger_e_nao_executada_apos_primeira_falha"
"arquivo_local","576","20260728213222","20260728213222_f905616b-1022-4163-be07-b8a4a1ee4f95.sql","true","1","missing","nao_alcancada","ausente","ausente_do_ledger_e_nao_executada_apos_primeira_falha"
"arquivo_local","577","20260728213348","20260728213348_5f0dc79d-e3e4-448a-8039-cebfbd69a8d2.sql","true","1","missing","nao_alcancada","ausente","ausente_do_ledger_e_nao_executada_apos_primeira_falha"
"arquivo_local","578","20260728213516","20260728213516_d6402347-8844-41bd-9155-fa4a7bbbced1.sql","true","1","missing","nao_alcancada","ausente","ausente_do_ledger_e_nao_executada_apos_primeira_falha"
"arquivo_local","579","20260728213849","20260728213849_fb2aed2d-d53c-4b2d-ad5d-75ef0a36fb04.sql","true","1","missing","nao_alcancada","ausente","ausente_do_ledger_e_nao_executada_apos_primeira_falha"
"arquivo_local","580","20260728214059","20260728214059_f758bff1-d9d2-4272-8672-58d3ea97932e.sql","true","1","missing","nao_alcancada","ausente","ausente_do_ledger_e_nao_executada_apos_primeira_falha"
"arquivo_local","581","20260728214419","20260728214419_0b31f4e4-013c-46ec-9a07-206c96a6f3b2.sql","true","1","missing","nao_alcancada","ausente","ausente_do_ledger_e_nao_executada_apos_primeira_falha"
"arquivo_local","582","20260728214457","20260728214457_4867964a-0a2a-4647-b927-ca7c67eda537.sql","true","1","missing","nao_alcancada","ausente","ausente_do_ledger_e_nao_executada_apos_primeira_falha"
"arquivo_local","583","20260728214519","20260728214519_0451dce1-fd12-4ca8-b1d8-70a4af093a47.sql","true","1","missing","nao_alcancada","ausente","ausente_do_ledger_e_nao_executada_apos_primeira_falha"
"arquivo_local","584","20260728214736","20260728214736_6f87ab99-f387-4e38-8da3-ecf0822b2d58.sql","true","1","missing","nao_alcancada","ausente","ausente_do_ledger_e_nao_executada_apos_primeira_falha"
"arquivo_local","585","20260728215236","20260728215236_1d4fc6b8-d299-4e89-9c17-1947254e65fd.sql","true","1","missing","nao_alcancada","ausente","ausente_do_ledger_e_nao_executada_apos_primeira_falha"
"arquivo_local","586","20260728215504","20260728215504_7c9f791d-4ad4-437b-afaa-52eba25ccdde.sql","true","1","missing","nao_alcancada","ausente","ausente_do_ledger_e_nao_executada_apos_primeira_falha"
"arquivo_local","587","20260728215654","20260728215654_6bec8125-b645-452a-a3e9-46c1fc2f2a0b.sql","true","1","missing","nao_alcancada","ausente","ausente_do_ledger_e_nao_executada_apos_primeira_falha"
"arquivo_local","588","20260728220146","20260728220146_f687c8e6-2691-473e-ab7e-d2a2fd9aafb9.sql","true","1","missing","nao_alcancada","ausente","ausente_do_ledger_e_nao_executada_apos_primeira_falha"
"arquivo_local","589","20260728220443","20260728220443_6849abba-1064-408f-bfdb-0582668632f6.sql","true","1","missing","nao_alcancada","ausente","ausente_do_ledger_e_nao_executada_apos_primeira_falha"
"arquivo_local","590","20260728220631","20260728220631_89d8b3cb-618e-43a1-a36e-d921cd228447.sql","true","1","missing","nao_alcancada","ausente","ausente_do_ledger_e_nao_executada_apos_primeira_falha"
"arquivo_local","591","20260728221052","20260728221052_cc8fdde4-4aad-47fa-87e9-0940fbf19680.sql","true","1","missing","nao_alcancada","ausente","ausente_do_ledger_e_nao_executada_apos_primeira_falha"
"arquivo_local","592","20260728221222","20260728221222_00a9c0c8-a037-402f-a199-b40e9f171826.sql","true","1","missing","nao_alcancada","ausente","ausente_do_ledger_e_nao_executada_apos_primeira_falha"
"arquivo_local","593","20260728221754","20260728221754_73e548da-588c-47a2-b70e-27073de8e38b.sql","true","1","missing","nao_alcancada","ausente","ausente_do_ledger_e_nao_executada_apos_primeira_falha"
"arquivo_local","594","20260729151433","20260729151433_50fe31f1-d6f8-48fb-8015-3a90e7c6da74.sql","true","1","missing","nao_alcancada","ausente","ausente_do_ledger_e_nao_executada_apos_primeira_falha"
"arquivo_local","595","20260729151523","20260729151523_693b89cb-d0c0-4e91-a002-37ed3c438aee.sql","true","1","missing","nao_alcancada","ausente","ausente_do_ledger_e_nao_executada_apos_primeira_falha"
"arquivo_local","596","20260729151602","20260729151602_1317cdae-6b16-4d7d-b0a7-b9ff71d5009a.sql","true","1","missing","nao_alcancada","ausente","ausente_do_ledger_e_nao_executada_apos_primeira_falha"
"arquivo_local","597","20260729151828","20260729151828_9cd725f1-8b9d-4af3-8019-8a613c2d9d42.sql","true","1","missing","nao_alcancada","ausente","ausente_do_ledger_e_nao_executada_apos_primeira_falha"
"arquivo_local","598","20260729152119","20260729152119_32490ab6-eb1a-4e2f-8158-c9e1b809b496.sql","true","1","missing","nao_alcancada","ausente","ausente_do_ledger_e_nao_executada_apos_primeira_falha"
"arquivo_local","599","20260729152319","20260729152319_d696af36-7b5a-4798-8d0b-5f618dcbb9a6.sql","true","1","missing","nao_alcancada","ausente","ausente_do_ledger_e_nao_executada_apos_primeira_falha"
"arquivo_local","600","20260729152613","20260729152613_6aa8737b-f56d-4327-b3fe-a5364b28ea97.sql","true","1","missing","nao_alcancada","ausente","ausente_do_ledger_e_nao_executada_apos_primeira_falha"
"arquivo_local","601","20260729154434","20260729154434_4c5c1882-e321-4b89-a1ed-67b8908e975a.sql","true","1","missing","nao_alcancada","ausente","ausente_do_ledger_e_nao_executada_apos_primeira_falha"
"arquivo_local","602","20260729155103","20260729155103_2f24a9bd-a0c2-4604-979a-e1d222ef8841.sql","true","1","missing","nao_alcancada","ausente","ausente_do_ledger_e_nao_executada_apos_primeira_falha"
"arquivo_local","603","20260729155527","20260729155527_bb5c01ba-e73f-45f6-aeca-31a16e80f399.sql","true","1","missing","nao_alcancada","ausente","ausente_do_ledger_e_nao_executada_apos_primeira_falha"
"arquivo_local","604","20260729160446","20260729160446_283112e6-21c2-4dba-897b-052018d487b7.sql","true","1","missing","nao_alcancada","ausente","ausente_do_ledger_e_nao_executada_apos_primeira_falha"
"arquivo_local","605","20260729161016","20260729161016_3fbc6a71-ef8c-4e9b-b002-c11cd4666dd9.sql","true","1","missing","nao_alcancada","ausente","ausente_do_ledger_e_nao_executada_apos_primeira_falha"
"arquivo_local","606","20260729161251","20260729161251_a35b12d5-fa87-4328-830f-2b75d31e90d6.sql","true","1","missing","nao_alcancada","ausente","ausente_do_ledger_e_nao_executada_apos_primeira_falha"
"arquivo_local","607","20260729161527","20260729161527_f56939e3-4ec6-4534-a18e-68f33f812b96.sql","true","1","missing","nao_alcancada","ausente","ausente_do_ledger_e_nao_executada_apos_primeira_falha"
"arquivo_local","608","20260730000000","20260730000000_seed_admissao_onboarding_desligamento_avaliacao.sql","true","1","missing","nao_alcancada","ausente","ausente_do_ledger_e_nao_executada_apos_primeira_falha"
"arquivo_local","609","20260730125231","20260730125231_721003a3-c7be-4602-927f-1c9b4183dd81.sql","true","1","missing","nao_alcancada","ausente","ausente_do_ledger_e_nao_executada_apos_primeira_falha"
"arquivo_local","610","20260730125508","20260730125508_b0af0cce-37fd-4f68-823b-4cf4c21a044e.sql","true","1","missing","nao_alcancada","ausente","ausente_do_ledger_e_nao_executada_apos_primeira_falha"
"arquivo_local","611","20260730125644","20260730125644_f9a0312c-4563-40bd-b918-937ebff949f5.sql","true","1","missing","nao_alcancada","ausente","ausente_do_ledger_e_nao_executada_apos_primeira_falha"
"arquivo_local","612","20260730125859","20260730125859_ee20940a-116d-4e86-9c1a-351064f2e6cf.sql","true","1","missing","nao_alcancada","ausente","ausente_do_ledger_e_nao_executada_apos_primeira_falha"
"arquivo_local","613","20260730130408","20260730130408_3ea8403f-466d-4ca3-a7ea-5f7a2517ef80.sql","true","1","missing","nao_alcancada","ausente","ausente_do_ledger_e_nao_executada_apos_primeira_falha"
"arquivo_local","614","20260730130749","20260730130749_bbc1ca15-e8aa-4e28-bf27-cb810b5b396a.sql","true","1","missing","nao_alcancada","ausente","ausente_do_ledger_e_nao_executada_apos_primeira_falha"
"arquivo_local","615","20260730130920","20260730130920_d26b7dc2-a911-495f-8e7c-4dd4383a5df6.sql","true","1","missing","nao_alcancada","ausente","ausente_do_ledger_e_nao_executada_apos_primeira_falha"
"arquivo_local","616","20260730131106","20260730131106_6905873d-eb20-44e5-a27d-107c827e488a.sql","true","1","missing","nao_alcancada","ausente","ausente_do_ledger_e_nao_executada_apos_primeira_falha"
"arquivo_local","617","20260730131136","20260730131136_b2b04fe9-65b5-4595-b2e4-4191515520e7.sql","true","1","missing","nao_alcancada","ausente","ausente_do_ledger_e_nao_executada_apos_primeira_falha"
"arquivo_local","618","20260730131320","20260730131320_bd74cb25-ae0f-443c-8f94-ed205aef3721.sql","true","1","missing","nao_alcancada","ausente","ausente_do_ledger_e_nao_executada_apos_primeira_falha"
"arquivo_local","619","20260731145423","20260731145423_37277553-7d08-47c9-94ab-e8b0363fc19d.sql","true","1","missing","nao_alcancada","ausente","ausente_do_ledger_e_nao_executada_apos_primeira_falha"
"arquivo_local","620","20260731151103","20260731151103_1b52d4b0-1caa-4e4f-971d-8125cf1c2d6e.sql","true","1","missing","nao_alcancada","ausente","ausente_do_ledger_e_nao_executada_apos_primeira_falha"
"arquivo_local","621","20260731151430","20260731151430_1f4efd4b-70aa-4c78-8adb-cecf5f53338b.sql","true","1","missing","nao_alcancada","ausente","ausente_do_ledger_e_nao_executada_apos_primeira_falha"
"arquivo_local","622","20260801000000","20260801000000_p0_002_user_empresa_id_app_metadata.sql","true","1","missing","nao_alcancada","ausente","ausente_do_ledger_e_nao_executada_apos_primeira_falha"
"arquivo_local","623","20260802000000","20260802000000_p0_007_views_security_invoker.sql","true","1","missing","nao_alcancada","ausente","ausente_do_ledger_e_nao_executada_apos_primeira_falha"
"arquivo_local","624","20260803000000","20260803000000_p0_004_anon_tokens_logs.sql","true","1","missing","nao_alcancada","ausente","ausente_do_ledger_e_nao_executada_apos_primeira_falha"
"arquivo_local","625","20260804000000","20260804000000_p0_010_write_policies_provisoes.sql","true","1","missing","nao_alcancada","ausente","ausente_do_ledger_e_nao_executada_apos_primeira_falha"
"arquivo_local","626","20260805000000","20260805000000_p0_005_auditoria_via_rpc.sql","true","1","missing","nao_alcancada","ausente","ausente_do_ledger_e_nao_executada_apos_primeira_falha"
"arquivo_local","627","20260806000000","20260806000000_p0_011_indices_empresa_id.sql","true","1","missing","nao_alcancada","ausente","ausente_do_ledger_e_nao_executada_apos_primeira_falha"
"arquivo_local","628","20260807000000","20260807000000_p0_006_search_path_public.sql","true","1","missing","nao_alcancada","ausente","ausente_do_ledger_e_nao_executada_apos_primeira_falha"
"arquivo_local","629","20260808000000","20260808000000_p0_003_padroniza_empresa_id.sql","true","1","missing","nao_alcancada","ausente","ausente_do_ledger_e_nao_executada_apos_primeira_falha"
"arquivo_local","630","20260809000000","20260809000000_p0_001_rls_batch1_core_rh.sql","true","1","missing","nao_alcancada","ausente","ausente_do_ledger_e_nao_executada_apos_primeira_falha"
"arquivo_local","631","20260810000000","20260810000000_p0_001_rls_batch2_ponto_ferias.sql","true","1","missing","nao_alcancada","ausente","ausente_do_ledger_e_nao_executada_apos_primeira_falha"
"arquivo_local","632","20260811000000","20260811000000_p0_001_rls_batch3_estrutura_treinamentos.sql","true","1","missing","nao_alcancada","ausente","ausente_do_ledger_e_nao_executada_apos_primeira_falha"
"arquivo_local","633","20260812000000","20260812000000_p0_001_rls_batch4_beneficios_workflows_esocial.sql","true","1","missing","nao_alcancada","ausente","ausente_do_ledger_e_nao_executada_apos_primeira_falha"
"arquivo_local","634","20260813000000","20260813000000_p0_001_rls_batch5_final.sql","true","1","missing","nao_alcancada","ausente","ausente_do_ledger_e_nao_executada_apos_primeira_falha"
"arquivo_local","635","20260814000000","20260814000000_p1_026_exception_triggers_folha.sql","true","1","missing","nao_alcancada","ausente","ausente_do_ledger_e_nao_executada_apos_primeira_falha"
"arquivo_local","636","20260815000000","20260815000000_p1_023_naming_pattern.sql","true","1","missing","nao_alcancada","ausente","ausente_do_ledger_e_nao_executada_apos_primeira_falha"
"arquivo_local","637","20260816000000","20260816000000_p1_024_policies_orfas.sql","true","1","missing","nao_alcancada","ausente","ausente_do_ledger_e_nao_executada_apos_primeira_falha"
"arquivo_local","638","20260817000000","20260817000000_p4_071_indices_compostos_top20.sql","true","1","missing","nao_alcancada","ausente","ausente_do_ledger_e_nao_executada_apos_primeira_falha"
"arquivo_local","639","20260817010000","20260817010000_p4_072_materialized_views_dashboards.sql","true","1","missing","nao_alcancada","ausente","ausente_do_ledger_e_nao_executada_apos_primeira_falha"
"arquivo_local","640","20260818000000","20260818000000_p1_025_encryption_dados_bancarios.sql","true","2","missing","nao_alcancada","parcial","versao_duplicada_impede_rastreabilidade_por_arquivo"
"arquivo_local","641","20260818000000","20260818000000_p2_037_deprecate_legacy_tables.sql","true","2","missing","nao_alcancada","parcial","versao_duplicada_impede_rastreabilidade_por_arquivo"
"arquivo_local","642","20260830000001","20260830000001_plano100_e028_storage_buckets_privados.sql","true","1","applied","nao_alcancada","ja_aplicada","versao_exata_presente_no_ledger_remoto"
"arquivo_local","643","20260830000002","20260830000002_plano100_e036_pii_access_logs.sql","true","1","applied","nao_alcancada","ja_aplicada","versao_exata_presente_no_ledger_remoto"
"arquivo_local","644","20260830000003","20260830000003_plano100_e012_secdef_permissions_helpers.sql","true","1","applied","nao_alcancada","ja_aplicada","versao_exata_presente_no_ledger_remoto"
"ledger_remoto","","20260721220000","","true","0","source_missing","nao_aplicavel","parcial","versao_remota_aplicada_sem_arquivo_correspondente_no_repositorio"
"ledger_remoto","","20260723000001","","true","0","source_missing","nao_aplicavel","parcial","versao_remota_aplicada_sem_arquivo_correspondente_no_repositorio"
"ledger_remoto","","20260723000002","","true","0","source_missing","nao_aplicavel","parcial","versao_remota_aplicada_sem_arquivo_correspondente_no_repositorio"
"ledger_remoto","","20260723000003","","true","0","source_missing","nao_aplicavel","parcial","versao_remota_aplicada_sem_arquivo_correspondente_no_repositorio"
"ledger_remoto","","20260723000004","","true","0","source_missing","nao_aplicavel","parcial","versao_remota_aplicada_sem_arquivo_correspondente_no_repositorio"
"ledger_remoto","","20260723000005","","true","0","source_missing","nao_aplicavel","parcial","versao_remota_aplicada_sem_arquivo_correspondente_no_repositorio"
"ledger_remoto","","20260723000006","","true","0","source_missing","nao_aplicavel","parcial","versao_remota_aplicada_sem_arquivo_correspondente_no_repositorio"
"ledger_remoto","","20260723000007","","true","0","source_missing","nao_aplicavel","parcial","versao_remota_aplicada_sem_arquivo_correspondente_no_repositorio"
"ledger_remoto","","20260723000009","","true","0","source_missing","nao_aplicavel","parcial","versao_remota_aplicada_sem_arquivo_correspondente_no_repositorio"
"ledger_remoto","","20260723000010","","true","0","source_missing","nao_aplicavel","parcial","versao_remota_aplicada_sem_arquivo_correspondente_no_repositorio"
"ledger_remoto","","20260723000011","","true","0","source_missing","nao_aplicavel","parcial","versao_remota_aplicada_sem_arquivo_correspondente_no_repositorio"
"ledger_remoto","","20260723000012","","true","0","source_missing","nao_aplicavel","parcial","versao_remota_aplicada_sem_arquivo_correspondente_no_repositorio"
"ledger_remoto","","20260723000013","","true","0","source_missing","nao_aplicavel","parcial","versao_remota_aplicada_sem_arquivo_correspondente_no_repositorio"
"ledger_remoto","","20260723000014","","true","0","source_missing","nao_aplicavel","parcial","versao_remota_aplicada_sem_arquivo_correspondente_no_repositorio"
"ledger_remoto","","20260723000015","","true","0","source_missing","nao_aplicavel","parcial","versao_remota_aplicada_sem_arquivo_correspondente_no_repositorio"
"ledger_remoto","","20260723000016","","true","0","source_missing","nao_aplicavel","parcial","versao_remota_aplicada_sem_arquivo_correspondente_no_repositorio"
"ledger_remoto","","20260723000017","","true","0","source_missing","nao_aplicavel","parcial","versao_remota_aplicada_sem_arquivo_correspondente_no_repositorio"
"ledger_remoto","","20260723000018","","true","0","source_missing","nao_aplicavel","parcial","versao_remota_aplicada_sem_arquivo_correspondente_no_repositorio"
"ledger_remoto","","20260723000019","","true","0","source_missing","nao_aplicavel","parcial","versao_remota_aplicada_sem_arquivo_correspondente_no_repositorio"
"ledger_remoto","","20260723000020","","true","0","source_missing","nao_aplicavel","parcial","versao_remota_aplicada_sem_arquivo_correspondente_no_repositorio"
"ledger_remoto","","20260723000021","","true","0","source_missing","nao_aplicavel","parcial","versao_remota_aplicada_sem_arquivo_correspondente_no_repositorio"
"ledger_remoto","","20260723000022","","true","0","source_missing","nao_aplicavel","parcial","versao_remota_aplicada_sem_arquivo_correspondente_no_repositorio"
"ledger_remoto","","20260723000023","","true","0","source_missing","nao_aplicavel","parcial","versao_remota_aplicada_sem_arquivo_correspondente_no_repositorio"
"ledger_remoto","","20260723000024","","true","0","source_missing","nao_aplicavel","parcial","versao_remota_aplicada_sem_arquivo_correspondente_no_repositorio"
"ledger_remoto","","20260723000025","","true","0","source_missing","nao_aplicavel","parcial","versao_remota_aplicada_sem_arquivo_correspondente_no_repositorio"
"ledger_remoto","","20260723000026","","true","0","source_missing","nao_aplicavel","parcial","versao_remota_aplicada_sem_arquivo_correspondente_no_repositorio"
"ledger_remoto","","20260723000027","","true","0","source_missing","nao_aplicavel","parcial","versao_remota_aplicada_sem_arquivo_correspondente_no_repositorio"
"ledger_remoto","","20260723000028","","true","0","source_missing","nao_aplicavel","parcial","versao_remota_aplicada_sem_arquivo_correspondente_no_repositorio"
"ledger_remoto","","20260723000029","","true","0","source_missing","nao_aplicavel","parcial","versao_remota_aplicada_sem_arquivo_correspondente_no_repositorio"
"ledger_remoto","","20260723000030","","true","0","source_missing","nao_aplicavel","parcial","versao_remota_aplicada_sem_arquivo_correspondente_no_repositorio"
